#############################################################
#################### ERRORS AND WARNINGS ####################
#############################################################

 ** WARNING ** EPW Solar hour adjustment for the month of Jan: 55 [min] and N13 (GHR) shift: 0 [h].
 ** WARNING ** EPW Solar hour adjustment for the month of Feb: 63 [min] and N13 (GHR) shift: 0 [h].
 ** WARNING ** EPW Solar hour adjustment for the month of Mar: 57 [min] and N13 (GHR) shift: 0 [h].
 ** WARNING ** EPW Solar hour adjustment for the month of Apr: 57 [min] and N13 (GHR) shift: 0 [h].
 ** WARNING ** EPW Solar hour adjustment for the month of May: 56 [min] and N13 (GHR) shift: 0 [h].
 ** WARNING ** EPW Solar hour adjustment for the month of Jun: 55 [min] and N13 (GHR) shift: 0 [h].
 ** WARNING ** EPW Solar hour adjustment for the month of Jul: 57 [min] and N13 (GHR) shift: 0 [h].
 ** WARNING ** EPW Solar hour adjustment for the month of Aug: 58 [min] and N13 (GHR) shift: 0 [h].
 ** WARNING ** EPW Solar hour adjustment for the month of Sep: 57 [min] and N13 (GHR) shift: 0 [h].
 ** WARNING ** EPW Solar hour adjustment for the month of Oct: 59 [min] and N13 (GHR) shift: 0 [h].
 ** WARNING ** EPW Solar hour adjustment for the month of Nov: 58 [min] and N13 (GHR) shift: 0 [h].
 ** WARNING ** EPW Solar hour adjustment for the month of Dec: 54 [min] and N13 (GHR) shift: 0 [h].

 ** WARNING ** EPW N17_direct_normal_illuminance < 0 lux [corrected]: month 1, day 1, hour 16, value -13.916898 
 ** WARNING ** EPW N17_direct_normal_illuminance < 0 lux [corrected]: month 1, day 2, hour 9, value -61.66185 
 ** WARNING ** EPW N17_direct_normal_illuminance < 0 lux [corrected]: month 1, day 2, hour 10, value -3.8181026 
 ** WARNING ** EPW N17_direct_normal_illuminance < 0 lux [corrected]: month 1, day 2, hour 16, value -153.79558 
 ** WARNING ** EPW N17_direct_normal_illuminance < 0 lux [corrected]: month 1, day 3, hour 9, value -72.7233 
 ** WARNING ** EPW N17_direct_normal_illuminance < 0 lux [corrected]: month 1, day 3, hour 16, value -173.86218 
 ** WARNING ** EPW N17_direct_normal_illuminance < 0 lux [corrected]: month 1, day 5, hour 9, value -11.127794 
 ** WARNING ** EPW N17_direct_normal_illuminance < 0 lux [corrected]: month 1, day 6, hour 15, value -0.94152087 
 ** WARNING ** EPW N17_direct_normal_illuminance < 0 lux [corrected]: month 1, day 6, hour 16, value -210.75182 
 ** WARNING ** EPW N17_direct_normal_illuminance < 0 lux [corrected]: month 1, day 7, hour 16, value -222.40338 
 ** WARNING ** EPW N17_direct_normal_illuminance < 0 lux [corrected]: month 1, day 8, hour 9, value -81.52653 
 ** WARNING ** EPW N17_direct_normal_illuminance < 0 lux [corrected]: month 1, day 8, hour 10, value -1.5277554 
 ** WARNING ** EPW N17_direct_normal_illuminance < 0 lux [corrected]: month 1, day 8, hour 15, value -0.82727575 
 ** WARNING ** EPW N17_direct_normal_illuminance < 0 lux [corrected]: month 1, day 8, hour 16, value -25.522415 
 ** WARNING ** EPW N17_direct_normal_illuminance < 0 lux [corrected]: month 1, day 9, hour 9, value -83.25201 
 ** WARNING ** EPW N17_direct_normal_illuminance < 0 lux [corrected]: month 1, day 9, hour 16, value -221.61325 
 ** WARNING ** EPW N17_direct_normal_illuminance < 0 lux [corrected]: month 1, day 10, hour 9, value -75.96731 
 ** WARNING ** EPW N17_direct_normal_illuminance < 0 lux [corrected]: month 1, day 10, hour 16, value -200.40634 
 ** WARNING ** EPW N17_direct_normal_illuminance < 0 lux [corrected]: month 1, day 11, hour 9, value -77.43351 
 ** WARNING ** EPW N17_direct_normal_illuminance < 0 lux [corrected]: month 1, day 12, hour 9, value -90.180534 
 ** WARNING ** EPW N17_direct_normal_illuminance < 0 lux [corrected]: month 1, day 17, hour 9, value -84.269585 
 ** WARNING ** EPW N17_direct_normal_illuminance < 0 lux [corrected]: month 1, day 17, hour 16, value -15.148151 
 ** WARNING ** EPW N17_direct_normal_illuminance < 0 lux [corrected]: month 1, day 18, hour 9, value -13.483433 
 ** WARNING ** EPW N17_direct_normal_illuminance < 0 lux [corrected]: month 1, day 18, hour 16, value -137.1082 
 ** WARNING ** EPW N17_direct_normal_illuminance < 0 lux [corrected]: month 1, day 18, hour 17, value -0.004593816 
 ** WARNING ** EPW N17_direct_normal_illuminance < 0 lux [corrected]: month 1, day 19, hour 17, value -0.7853509 
 ** WARNING ** EPW N17_direct_normal_illuminance < 0 lux [corrected]: month 1, day 20, hour 9, value -11.366351 
 ** WARNING ** EPW N17_direct_normal_illuminance < 0 lux [corrected]: month 1, day 20, hour 16, value -113.50805 
 ** WARNING ** EPW N17_direct_normal_illuminance < 0 lux [corrected]: month 1, day 20, hour 17, value -0.033097196 
 ** WARNING ** EPW N17_direct_normal_illuminance < 0 lux [corrected]: month 1, day 21, hour 17, value -0.80721956 
 ** WARNING ** EPW N17_direct_normal_illuminance < 0 lux [corrected]: month 1, day 22, hour 9, value -175.09235 
 ** WARNING ** EPW N17_direct_normal_illuminance < 0 lux [corrected]: month 1, day 22, hour 16, value -12.830679 
 ** WARNING ** EPW N17_direct_normal_illuminance < 0 lux [corrected]: month 1, day 22, hour 17, value -0.31442806 
 ** WARNING ** EPW N17_direct_normal_illuminance < 0 lux [corrected]: month 1, day 23, hour 9, value -66.16137 
 ** WARNING ** EPW N17_direct_normal_illuminance < 0 lux [corrected]: month 1, day 23, hour 16, value -58.184727 
 ** WARNING ** EPW N17_direct_normal_illuminance < 0 lux [corrected]: month 1, day 23, hour 17, value -1.4097793 
 ** WARNING ** EPW N17_direct_normal_illuminance < 0 lux [corrected]: month 1, day 24, hour 9, value -62.71897 
 ** WARNING ** EPW N17_direct_normal_illuminance < 0 lux [corrected]: month 1, day 24, hour 16, value -39.326244 
 ** WARNING ** EPW N17_direct_normal_illuminance < 0 lux [corrected]: month 1, day 24, hour 17, value -0.15186393 
 ** WARNING ** EPW N17_direct_normal_illuminance < 0 lux [corrected]: month 1, day 25, hour 9, value -8.292276 
 ** WARNING ** EPW N17_direct_normal_illuminance < 0 lux [corrected]: month 1, day 25, hour 16, value -9.136388 
 ** WARNING ** EPW N17_direct_normal_illuminance < 0 lux [corrected]: month 1, day 25, hour 17, value -0.23024711 
 ** WARNING ** EPW N17_direct_normal_illuminance < 0 lux [corrected]: month 1, day 26, hour 9, value -9.085779 
 ** WARNING ** EPW N17_direct_normal_illuminance < 0 lux [corrected]: month 1, day 26, hour 16, value -8.164883 
 ** WARNING ** EPW N17_direct_normal_illuminance < 0 lux [corrected]: month 1, day 26, hour 17, value -0.33498245 
 ** WARNING ** EPW N17_direct_normal_illuminance < 0 lux [corrected]: month 1, day 27, hour 9, value -8.262489 
 ** WARNING ** EPW N17_direct_normal_illuminance < 0 lux [corrected]: month 1, day 27, hour 17, value -8.704215 
 ** WARNING ** EPW N17_direct_normal_illuminance < 0 lux [corrected]: month 1, day 28, hour 9, value -8.5053425 
 ** WARNING ** EPW N17_direct_normal_illuminance < 0 lux [corrected]: month 1, day 28, hour 16, value -6.119813 
 ** WARNING ** EPW N17_direct_normal_illuminance < 0 lux [corrected]: month 1, day 28, hour 17, value -1.3072407 
 ** WARNING ** EPW N17_direct_normal_illuminance < 0 lux [corrected]: month 1, day 29, hour 9, value -7.417664 
 ** WARNING ** EPW N17_direct_normal_illuminance < 0 lux [corrected]: month 1, day 29, hour 16, value -5.055371 
 ** WARNING ** EPW N17_direct_normal_illuminance < 0 lux [corrected]: month 1, day 29, hour 17, value -1.2691101 
 ** WARNING ** EPW N17_direct_normal_illuminance < 0 lux [corrected]: month 1, day 30, hour 9, value -7.6250916 
 ** WARNING ** EPW N17_direct_normal_illuminance < 0 lux [corrected]: month 1, day 30, hour 16, value -3.9907277 
 ** WARNING ** EPW N17_direct_normal_illuminance < 0 lux [corrected]: month 1, day 30, hour 17, value -1.4951096 
 ** WARNING ** EPW N17_direct_normal_illuminance < 0 lux [corrected]: month 1, day 31, hour 9, value -6.7246137 
 ** WARNING ** EPW N17_direct_normal_illuminance < 0 lux [corrected]: month 1, day 31, hour 17, value -29.723436 
 ** WARNING ** EPW N17_direct_normal_illuminance < 0 lux [corrected]: month 2, day 1, hour 9, value -10.027258 
 ** WARNING ** EPW N17_direct_normal_illuminance < 0 lux [corrected]: month 2, day 1, hour 16, value -1.1830904 
 ** WARNING ** EPW N17_direct_normal_illuminance < 0 lux [corrected]: month 2, day 1, hour 17, value -19.763062 
 ** WARNING ** EPW N17_direct_normal_illuminance < 0 lux [corrected]: month 2, day 2, hour 8, value -0.0077568227 
 ** WARNING ** EPW N17_direct_normal_illuminance < 0 lux [corrected]: month 2, day 2, hour 9, value -62.059258 
 ** WARNING ** EPW N17_direct_normal_illuminance < 0 lux [corrected]: month 2, day 2, hour 17, value -168.39238 
 ** WARNING ** EPW N17_direct_normal_illuminance < 0 lux [corrected]: month 2, day 3, hour 8, value -0.0015070586 
 ** WARNING ** EPW N17_direct_normal_illuminance < 0 lux [corrected]: month 2, day 3, hour 9, value -9.008842 
 ** WARNING ** EPW N17_direct_normal_illuminance < 0 lux [corrected]: month 2, day 3, hour 17, value -32.412277 
 ** WARNING ** EPW N17_direct_normal_illuminance < 0 lux [corrected]: month 2, day 4, hour 8, value -0.02895296 
 ** WARNING ** EPW N17_direct_normal_illuminance < 0 lux [corrected]: month 2, day 4, hour 9, value -55.85835 
 ** WARNING ** EPW N17_direct_normal_illuminance < 0 lux [corrected]: month 2, day 4, hour 17, value -27.811588 
 ** WARNING ** EPW N17_direct_normal_illuminance < 0 lux [corrected]: month 2, day 5, hour 8, value -0.9857917 
 ** WARNING ** EPW N17_direct_normal_illuminance < 0 lux [corrected]: month 2, day 5, hour 17, value -161.48433 
 ** WARNING ** EPW N17_direct_normal_illuminance < 0 lux [corrected]: month 2, day 6, hour 8, value -0.85779285 
 ** WARNING ** EPW N17_direct_normal_illuminance < 0 lux [corrected]: month 2, day 6, hour 17, value -40.094383 
 ** WARNING ** EPW N17_direct_normal_illuminance < 0 lux [corrected]: month 2, day 7, hour 8, value -3.1032948 
 ** WARNING ** EPW N17_direct_normal_illuminance < 0 lux [corrected]: month 2, day 8, hour 8, value -7.981771 
 ** WARNING ** EPW N17_direct_normal_illuminance < 0 lux [corrected]: month 2, day 8, hour 17, value -52.221607 
 ** WARNING ** EPW N17_direct_normal_illuminance < 0 lux [corrected]: month 2, day 9, hour 8, value -12.799232 
 ** WARNING ** EPW N17_direct_normal_illuminance < 0 lux [corrected]: month 2, day 9, hour 17, value -47.48826 
 ** WARNING ** EPW N17_direct_normal_illuminance < 0 lux [corrected]: month 2, day 10, hour 8, value -23.669918 
 ** WARNING ** EPW N17_direct_normal_illuminance < 0 lux [corrected]: month 2, day 10, hour 17, value -186.9851 
 ** WARNING ** EPW N17_direct_normal_illuminance < 0 lux [corrected]: month 2, day 11, hour 8, value -0.4330867 
 ** WARNING ** EPW N17_direct_normal_illuminance < 0 lux [corrected]: month 2, day 11, hour 9, value -4.559151 
 ** WARNING ** EPW N17_direct_normal_illuminance < 0 lux [corrected]: month 2, day 11, hour 17, value -19.883862 
 ** WARNING ** EPW N17_direct_normal_illuminance < 0 lux [corrected]: month 2, day 12, hour 8, value -56.13768 
 ** WARNING ** EPW N17_direct_normal_illuminance < 0 lux [corrected]: month 2, day 13, hour 8, value -0.67656726 
 ** WARNING ** EPW N17_direct_normal_illuminance < 0 lux [corrected]: month 2, day 14, hour 8, value -0.80236006 
 ** WARNING ** EPW N17_direct_normal_illuminance < 0 lux [corrected]: month 2, day 14, hour 17, value -72.44715 
 ** WARNING ** EPW N17_direct_normal_illuminance < 0 lux [corrected]: month 2, day 15, hour 8, value -10.933771 
 ** WARNING ** EPW N17_direct_normal_illuminance < 0 lux [corrected]: month 2, day 15, hour 17, value -6.166695 
 ** WARNING ** EPW N17_direct_normal_illuminance < 0 lux [corrected]: month 2, day 16, hour 8, value -16.402607 
 ** WARNING ** EPW N17_direct_normal_illuminance < 0 lux [corrected]: month 2, day 16, hour 17, value -5.5182366 
 ** WARNING ** EPW N17_direct_normal_illuminance < 0 lux [corrected]: month 2, day 17, hour 8, value -2.0441673 
 ** WARNING ** EPW N17_direct_normal_illuminance < 0 lux [corrected]: month 2, day 17, hour 17, value -28.565187 
 ** WARNING ** EPW N17_direct_normal_illuminance < 0 lux [corrected]: month 2, day 17, hour 18, value -9.358477E-4 
 ** WARNING ** EPW N17_direct_normal_illuminance < 0 lux [corrected]: month 2, day 18, hour 8, value -3.6024907 
 ** WARNING ** EPW N17_direct_normal_illuminance < 0 lux [corrected]: month 2, day 18, hour 17, value -23.659859 
 ** WARNING ** EPW N17_direct_normal_illuminance < 0 lux [corrected]: month 2, day 18, hour 18, value -0.0031160999 
 ** WARNING ** EPW N17_direct_normal_illuminance < 0 lux [corrected]: month 2, day 19, hour 8, value -149.11041 
 ** WARNING ** EPW N17_direct_normal_illuminance < 0 lux [corrected]: month 2, day 19, hour 18, value -0.043730576 
 ** WARNING ** EPW N17_direct_normal_illuminance < 0 lux [corrected]: month 2, day 20, hour 8, value -3.8743162 
 ** WARNING ** EPW N17_direct_normal_illuminance < 0 lux [corrected]: month 2, day 20, hour 18, value -0.25826168 
 ** WARNING ** EPW N17_direct_normal_illuminance < 0 lux [corrected]: month 2, day 21, hour 8, value -38.97761 
 ** WARNING ** EPW N17_direct_normal_illuminance < 0 lux [corrected]: month 2, day 21, hour 18, value -0.98178726 
 ** WARNING ** EPW N17_direct_normal_illuminance < 0 lux [corrected]: month 2, day 22, hour 8, value -5.972351 
 ** WARNING ** EPW N17_direct_normal_illuminance < 0 lux [corrected]: month 2, day 22, hour 17, value -3.3526974 
 ** WARNING ** EPW N17_direct_normal_illuminance < 0 lux [corrected]: month 2, day 22, hour 18, value -0.05565968 
 ** WARNING ** EPW N17_direct_normal_illuminance < 0 lux [corrected]: month 2, day 23, hour 8, value -6.138113 
 ** WARNING ** EPW N17_direct_normal_illuminance < 0 lux [corrected]: month 2, day 23, hour 17, value -2.9546814 
 ** WARNING ** EPW N17_direct_normal_illuminance < 0 lux [corrected]: month 2, day 23, hour 18, value -0.065603994 
 ** WARNING ** EPW N17_direct_normal_illuminance < 0 lux [corrected]: month 2, day 24, hour 8, value -8.457374 
 ** WARNING ** EPW N17_direct_normal_illuminance < 0 lux [corrected]: month 2, day 24, hour 17, value -2.3956926 
 ** WARNING ** EPW N17_direct_normal_illuminance < 0 lux [corrected]: month 2, day 24, hour 18, value -0.09595215 
 ** WARNING ** EPW N17_direct_normal_illuminance < 0 lux [corrected]: month 2, day 25, hour 8, value -8.202631 
 ** WARNING ** EPW N17_direct_normal_illuminance < 0 lux [corrected]: month 2, day 25, hour 17, value -2.1732368 
 ** WARNING ** EPW N17_direct_normal_illuminance < 0 lux [corrected]: month 2, day 25, hour 18, value -0.13564141 
 ** WARNING ** EPW N17_direct_normal_illuminance < 0 lux [corrected]: month 2, day 26, hour 8, value -58.969315 
 ** WARNING ** EPW N17_direct_normal_illuminance < 0 lux [corrected]: month 2, day 26, hour 17, value -2.068257 
 ** WARNING ** EPW N17_direct_normal_illuminance < 0 lux [corrected]: month 2, day 26, hour 18, value -2.002032 
 ** WARNING ** EPW N17_direct_normal_illuminance < 0 lux [corrected]: month 2, day 27, hour 8, value -55.233242 
 ** WARNING ** EPW N17_direct_normal_illuminance < 0 lux [corrected]: month 2, day 27, hour 18, value -2.2206268 
 ** WARNING ** EPW N17_direct_normal_illuminance < 0 lux [corrected]: month 2, day 28, hour 8, value -7.8283153 
 ** WARNING ** EPW N17_direct_normal_illuminance < 0 lux [corrected]: month 2, day 28, hour 18, value -3.2779665 
 ** WARNING ** EPW N17_direct_normal_illuminance < 0 lux [corrected]: month 3, day 1, hour 18, value -19.607317 
 ** WARNING ** EPW N17_direct_normal_illuminance < 0 lux [corrected]: month 3, day 2, hour 18, value -7.890183 
 ** WARNING ** EPW N17_direct_normal_illuminance < 0 lux [corrected]: month 3, day 3, hour 8, value -6.145435 
 ** WARNING ** EPW N17_direct_normal_illuminance < 0 lux [corrected]: month 3, day 3, hour 18, value -75.19164 
 ** WARNING ** EPW N17_direct_normal_illuminance < 0 lux [corrected]: month 3, day 4, hour 7, value -0.0028106698 
 ** WARNING ** EPW N17_direct_normal_illuminance < 0 lux [corrected]: month 3, day 4, hour 8, value -17.356915 
 ** WARNING ** EPW N17_direct_normal_illuminance < 0 lux [corrected]: month 3, day 4, hour 18, value -129.31738 
 ** WARNING ** EPW N17_direct_normal_illuminance < 0 lux [corrected]: month 3, day 5, hour 7, value -0.03700694 
 ** WARNING ** EPW N17_direct_normal_illuminance < 0 lux [corrected]: month 3, day 5, hour 18, value -2.1944118 
 ** WARNING ** EPW N17_direct_normal_illuminance < 0 lux [corrected]: month 3, day 6, hour 7, value -0.067512386 
 ** WARNING ** EPW N17_direct_normal_illuminance < 0 lux [corrected]: month 3, day 6, hour 18, value -2.5607355 
 ** WARNING ** EPW N17_direct_normal_illuminance < 0 lux [corrected]: month 3, day 7, hour 7, value -0.9596754 
 ** WARNING ** EPW N17_direct_normal_illuminance < 0 lux [corrected]: month 3, day 7, hour 18, value -20.852 
 ** WARNING ** EPW N17_direct_normal_illuminance < 0 lux [corrected]: month 3, day 8, hour 7, value -0.06604987 
 ** WARNING ** EPW N17_direct_normal_illuminance < 0 lux [corrected]: month 3, day 8, hour 18, value -2.6834095 
 ** WARNING ** EPW N17_direct_normal_illuminance < 0 lux [corrected]: month 3, day 9, hour 7, value -0.6563302 
 ** WARNING ** EPW N17_direct_normal_illuminance < 0 lux [corrected]: month 3, day 9, hour 18, value -88.94082 
 ** WARNING ** EPW N17_direct_normal_illuminance < 0 lux [corrected]: month 3, day 10, hour 7, value -0.36772585 
 ** WARNING ** EPW N17_direct_normal_illuminance < 0 lux [corrected]: month 3, day 10, hour 18, value -98.67033 
 ** WARNING ** EPW N17_direct_normal_illuminance < 0 lux [corrected]: month 3, day 11, hour 7, value -2.0113065 
 ** WARNING ** EPW N17_direct_normal_illuminance < 0 lux [corrected]: month 3, day 11, hour 18, value -35.65835 
 ** WARNING ** EPW N17_direct_normal_illuminance < 0 lux [corrected]: month 3, day 12, hour 7, value -3.6169553 
 ** WARNING ** EPW N17_direct_normal_illuminance < 0 lux [corrected]: month 3, day 12, hour 18, value -4.5849643 
 ** WARNING ** EPW N17_direct_normal_illuminance < 0 lux [corrected]: month 3, day 13, hour 7, value -5.7345467 
 ** WARNING ** EPW N17_direct_normal_illuminance < 0 lux [corrected]: month 3, day 13, hour 18, value -6.3877845 
 ** WARNING ** EPW N17_direct_normal_illuminance < 0 lux [corrected]: month 3, day 14, hour 7, value -1.5608131 
 ** WARNING ** EPW N17_direct_normal_illuminance < 0 lux [corrected]: month 3, day 14, hour 18, value -6.7756314 
 ** WARNING ** EPW N17_direct_normal_illuminance < 0 lux [corrected]: month 3, day 15, hour 7, value -1.6949571 
 ** WARNING ** EPW N17_direct_normal_illuminance < 0 lux [corrected]: month 3, day 16, hour 7, value -12.330553 
 ** WARNING ** EPW N17_direct_normal_illuminance < 0 lux [corrected]: month 3, day 16, hour 18, value -49.194485 
 ** WARNING ** EPW N17_direct_normal_illuminance < 0 lux [corrected]: month 3, day 17, hour 7, value -2.0520198 
 ** WARNING ** EPW N17_direct_normal_illuminance < 0 lux [corrected]: month 3, day 17, hour 18, value -7.996648 
 ** WARNING ** EPW N17_direct_normal_illuminance < 0 lux [corrected]: month 3, day 18, hour 7, value -18.039158 
 ** WARNING ** EPW N17_direct_normal_illuminance < 0 lux [corrected]: month 3, day 18, hour 18, value -8.838606 
 ** WARNING ** EPW N17_direct_normal_illuminance < 0 lux [corrected]: month 3, day 19, hour 7, value -3.8821235 
 ** WARNING ** EPW N17_direct_normal_illuminance < 0 lux [corrected]: month 3, day 19, hour 18, value -7.988534 
 ** WARNING ** EPW N17_direct_normal_illuminance < 0 lux [corrected]: month 3, day 20, hour 7, value -27.982965 
 ** WARNING ** EPW N17_direct_normal_illuminance < 0 lux [corrected]: month 3, day 20, hour 18, value -8.447125 
 ** WARNING ** EPW N17_direct_normal_illuminance < 0 lux [corrected]: month 3, day 21, hour 7, value -69.234505 
 ** WARNING ** EPW N17_direct_normal_illuminance < 0 lux [corrected]: month 3, day 21, hour 18, value -124.39741 
 ** WARNING ** EPW N17_direct_normal_illuminance < 0 lux [corrected]: month 3, day 22, hour 7, value -32.962673 
 ** WARNING ** EPW N17_direct_normal_illuminance < 0 lux [corrected]: month 3, day 22, hour 18, value -48.678143 
 ** WARNING ** EPW N17_direct_normal_illuminance < 0 lux [corrected]: month 3, day 23, hour 7, value -161.66351 
 ** WARNING ** EPW N17_direct_normal_illuminance < 0 lux [corrected]: month 3, day 23, hour 18, value -42.751762 
 ** WARNING ** EPW N17_direct_normal_illuminance < 0 lux [corrected]: month 3, day 24, hour 7, value -5.7249227 
 ** WARNING ** EPW N17_direct_normal_illuminance < 0 lux [corrected]: month 3, day 24, hour 18, value -35.82502 
 ** WARNING ** EPW N17_direct_normal_illuminance < 0 lux [corrected]: month 3, day 25, hour 7, value -62.974293 
 ** WARNING ** EPW N17_direct_normal_illuminance < 0 lux [corrected]: month 3, day 25, hour 19, value -0.0010490144 
 ** WARNING ** EPW N17_direct_normal_illuminance < 0 lux [corrected]: month 3, day 26, hour 7, value -90.495865 
 ** WARNING ** EPW N17_direct_normal_illuminance < 0 lux [corrected]: month 3, day 26, hour 19, value -0.030286346 
 ** WARNING ** EPW N17_direct_normal_illuminance < 0 lux [corrected]: month 3, day 27, hour 7, value -41.82586 
 ** WARNING ** EPW N17_direct_normal_illuminance < 0 lux [corrected]: month 3, day 27, hour 19, value -0.032194857 
 ** WARNING ** EPW N17_direct_normal_illuminance < 0 lux [corrected]: month 3, day 28, hour 7, value -4.680047 
 ** WARNING ** EPW N17_direct_normal_illuminance < 0 lux [corrected]: month 3, day 28, hour 18, value -5.0216246 
 ** WARNING ** EPW N17_direct_normal_illuminance < 0 lux [corrected]: month 3, day 28, hour 19, value -0.015430298 
 ** WARNING ** EPW N17_direct_normal_illuminance < 0 lux [corrected]: month 3, day 29, hour 7, value -4.500108 
 ** WARNING ** EPW N17_direct_normal_illuminance < 0 lux [corrected]: month 3, day 29, hour 18, value -4.6392055 
 ** WARNING ** EPW N17_direct_normal_illuminance < 0 lux [corrected]: month 3, day 29, hour 19, value -0.0040518153 
 ** WARNING ** EPW N17_direct_normal_illuminance < 0 lux [corrected]: month 3, day 30, hour 7, value -4.268311 
 ** WARNING ** EPW N17_direct_normal_illuminance < 0 lux [corrected]: month 3, day 30, hour 19, value -1.2167865 
 ** WARNING ** EPW N17_direct_normal_illuminance < 0 lux [corrected]: month 3, day 31, hour 7, value -3.8952465 
 ** WARNING ** EPW N17_direct_normal_illuminance < 0 lux [corrected]: month 3, day 31, hour 19, value -0.6576967 
 ** WARNING ** EPW N17_direct_normal_illuminance < 0 lux [corrected]: month 4, day 1, hour 6, value -0.18205266 
 ** WARNING ** EPW N17_direct_normal_illuminance < 0 lux [corrected]: month 4, day 1, hour 18, value -3.1494515 
 ** WARNING ** EPW N17_direct_normal_illuminance < 0 lux [corrected]: month 4, day 1, hour 19, value -0.026661113 
 ** WARNING ** EPW N17_direct_normal_illuminance < 0 lux [corrected]: month 4, day 2, hour 6, value -0.023051245 
 ** WARNING ** EPW N17_direct_normal_illuminance < 0 lux [corrected]: month 4, day 2, hour 7, value -5.954419 
 ** WARNING ** EPW N17_direct_normal_illuminance < 0 lux [corrected]: month 4, day 2, hour 19, value -0.9427319 
 ** WARNING ** EPW N17_direct_normal_illuminance < 0 lux [corrected]: month 4, day 3, hour 6, value -1.1909418 
 ** WARNING ** EPW N17_direct_normal_illuminance < 0 lux [corrected]: month 4, day 3, hour 19, value -16.970743 
 ** WARNING ** EPW N17_direct_normal_illuminance < 0 lux [corrected]: month 4, day 4, hour 6, value -0.081421986 
 ** WARNING ** EPW N17_direct_normal_illuminance < 0 lux [corrected]: month 4, day 4, hour 19, value -1.2246534 
 ** WARNING ** EPW N17_direct_normal_illuminance < 0 lux [corrected]: month 4, day 5, hour 6, value -0.11297109 
 ** WARNING ** EPW N17_direct_normal_illuminance < 0 lux [corrected]: month 4, day 5, hour 7, value -1.2606026 
 ** WARNING ** EPW N17_direct_normal_illuminance < 0 lux [corrected]: month 4, day 5, hour 19, value -2.7905943 
 ** WARNING ** EPW N17_direct_normal_illuminance < 0 lux [corrected]: month 4, day 6, hour 6, value -0.14891638 
 ** WARNING ** EPW N17_direct_normal_illuminance < 0 lux [corrected]: month 4, day 6, hour 7, value -0.6309452 
 ** WARNING ** EPW N17_direct_normal_illuminance < 0 lux [corrected]: month 4, day 6, hour 19, value -29.32381 
 ** WARNING ** EPW N17_direct_normal_illuminance < 0 lux [corrected]: month 4, day 7, hour 6, value -0.52054656 
 ** WARNING ** EPW N17_direct_normal_illuminance < 0 lux [corrected]: month 4, day 7, hour 7, value -0.12401119 
 ** WARNING ** EPW N17_direct_normal_illuminance < 0 lux [corrected]: month 4, day 7, hour 19, value -5.085224 
 ** WARNING ** EPW N17_direct_normal_illuminance < 0 lux [corrected]: month 4, day 8, hour 6, value -4.1576414 
 ** WARNING ** EPW N17_direct_normal_illuminance < 0 lux [corrected]: month 4, day 8, hour 19, value -5.7619777 
 ** WARNING ** EPW N17_direct_normal_illuminance < 0 lux [corrected]: month 4, day 9, hour 6, value -0.8363508 
 ** WARNING ** EPW N17_direct_normal_illuminance < 0 lux [corrected]: month 4, day 9, hour 19, value -7.6940207 
 ** WARNING ** EPW N17_direct_normal_illuminance < 0 lux [corrected]: month 4, day 10, hour 6, value -33.395775 
 ** WARNING ** EPW N17_direct_normal_illuminance < 0 lux [corrected]: month 4, day 10, hour 19, value -86.72559 
 ** WARNING ** EPW N17_direct_normal_illuminance < 0 lux [corrected]: month 4, day 11, hour 6, value -40.008377 
 ** WARNING ** EPW N17_direct_normal_illuminance < 0 lux [corrected]: month 4, day 11, hour 19, value -107.87318 
 ** WARNING ** EPW N17_direct_normal_illuminance < 0 lux [corrected]: month 4, day 12, hour 6, value -61.16737 
 ** WARNING ** EPW N17_direct_normal_illuminance < 0 lux [corrected]: month 4, day 12, hour 19, value -87.63553 
 ** WARNING ** EPW N17_direct_normal_illuminance < 0 lux [corrected]: month 4, day 13, hour 6, value -75.16023 
 ** WARNING ** EPW N17_direct_normal_illuminance < 0 lux [corrected]: month 4, day 13, hour 19, value -127.912254 
 ** WARNING ** EPW N17_direct_normal_illuminance < 0 lux [corrected]: month 4, day 14, hour 6, value -35.404266 
 ** WARNING ** EPW N17_direct_normal_illuminance < 0 lux [corrected]: month 4, day 14, hour 19, value -2.775406 
 ** WARNING ** EPW N17_direct_normal_illuminance < 0 lux [corrected]: month 4, day 15, hour 6, value -17.559683 
 ** WARNING ** EPW N17_direct_normal_illuminance < 0 lux [corrected]: month 4, day 15, hour 19, value -3.2999408 
 ** WARNING ** EPW N17_direct_normal_illuminance < 0 lux [corrected]: month 4, day 16, hour 6, value -4.3454466 
 ** WARNING ** EPW N17_direct_normal_illuminance < 0 lux [corrected]: month 4, day 16, hour 19, value -3.6018467 
 ** WARNING ** EPW N17_direct_normal_illuminance < 0 lux [corrected]: month 4, day 17, hour 6, value -4.384776 
 ** WARNING ** EPW N17_direct_normal_illuminance < 0 lux [corrected]: month 4, day 17, hour 19, value -60.709522 
 ** WARNING ** EPW N17_direct_normal_illuminance < 0 lux [corrected]: month 4, day 18, hour 6, value -25.216242 
 ** WARNING ** EPW N17_direct_normal_illuminance < 0 lux [corrected]: month 4, day 18, hour 19, value -3.9169822 
 ** WARNING ** EPW N17_direct_normal_illuminance < 0 lux [corrected]: month 4, day 19, hour 6, value -30.07883 
 ** WARNING ** EPW N17_direct_normal_illuminance < 0 lux [corrected]: month 4, day 19, hour 19, value -5.2229176 
 ** WARNING ** EPW N17_direct_normal_illuminance < 0 lux [corrected]: month 4, day 20, hour 6, value -27.803541 
 ** WARNING ** EPW N17_direct_normal_illuminance < 0 lux [corrected]: month 4, day 21, hour 6, value -26.244308 
 ** WARNING ** EPW N17_direct_normal_illuminance < 0 lux [corrected]: month 4, day 21, hour 19, value -36.07368 
 ** WARNING ** EPW N17_direct_normal_illuminance < 0 lux [corrected]: month 4, day 22, hour 6, value -5.0114017 
 ** WARNING ** EPW N17_direct_normal_illuminance < 0 lux [corrected]: month 4, day 23, hour 6, value -79.814835 
 ** WARNING ** EPW N17_direct_normal_illuminance < 0 lux [corrected]: month 4, day 24, hour 6, value -77.729164 
 ** WARNING ** EPW N17_direct_normal_illuminance < 0 lux [corrected]: month 4, day 25, hour 6, value -67.866615 
 ** WARNING ** EPW N17_direct_normal_illuminance < 0 lux [corrected]: month 4, day 25, hour 19, value -84.64518 
 ** WARNING ** EPW N17_direct_normal_illuminance < 0 lux [corrected]: month 4, day 26, hour 6, value -48.77998 
 ** WARNING ** EPW N17_direct_normal_illuminance < 0 lux [corrected]: month 4, day 26, hour 19, value -39.43353 
 ** WARNING ** EPW N17_direct_normal_illuminance < 0 lux [corrected]: month 4, day 27, hour 6, value -18.99165 
 ** WARNING ** EPW N17_direct_normal_illuminance < 0 lux [corrected]: month 4, day 27, hour 19, value -85.782455 
 ** WARNING ** EPW N17_direct_normal_illuminance < 0 lux [corrected]: month 4, day 28, hour 5, value -0.0028200957 
 ** WARNING ** EPW N17_direct_normal_illuminance < 0 lux [corrected]: month 4, day 28, hour 6, value -7.2976737 
 ** WARNING ** EPW N17_direct_normal_illuminance < 0 lux [corrected]: month 4, day 29, hour 6, value -3.535881 
 ** WARNING ** EPW N17_direct_normal_illuminance < 0 lux [corrected]: month 4, day 29, hour 19, value -5.4104104 
 ** WARNING ** EPW N17_direct_normal_illuminance < 0 lux [corrected]: month 4, day 30, hour 6, value -3.262567 
 ** WARNING ** EPW N17_direct_normal_illuminance < 0 lux [corrected]: month 4, day 30, hour 19, value -32.771038 
 ** WARNING ** EPW N17_direct_normal_illuminance < 0 lux [corrected]: month 5, day 1, hour 5, value -0.15310217 
 ** WARNING ** EPW N17_direct_normal_illuminance < 0 lux [corrected]: month 5, day 2, hour 5, value -0.6018196 
 ** WARNING ** EPW N17_direct_normal_illuminance < 0 lux [corrected]: month 5, day 2, hour 20, value -0.0011289059 
 ** WARNING ** EPW N17_direct_normal_illuminance < 0 lux [corrected]: month 5, day 3, hour 5, value -0.59914434 
 ** WARNING ** EPW N17_direct_normal_illuminance < 0 lux [corrected]: month 5, day 3, hour 19, value -99.07945 
 ** WARNING ** EPW N17_direct_normal_illuminance < 0 lux [corrected]: month 5, day 3, hour 20, value -0.004394555 
 ** WARNING ** EPW N17_direct_normal_illuminance < 0 lux [corrected]: month 5, day 4, hour 5, value -0.1125172 
 ** WARNING ** EPW N17_direct_normal_illuminance < 0 lux [corrected]: month 5, day 4, hour 6, value -2.3626542 
 ** WARNING ** EPW N17_direct_normal_illuminance < 0 lux [corrected]: month 5, day 4, hour 19, value -70.84688 
 ** WARNING ** EPW N17_direct_normal_illuminance < 0 lux [corrected]: month 5, day 4, hour 20, value -5.191457E-4 
 ** WARNING ** EPW N17_direct_normal_illuminance < 0 lux [corrected]: month 5, day 5, hour 5, value -0.46216494 
 ** WARNING ** EPW N17_direct_normal_illuminance < 0 lux [corrected]: month 5, day 5, hour 6, value -3.1877952 
 ** WARNING ** EPW N17_direct_normal_illuminance < 0 lux [corrected]: month 5, day 5, hour 19, value -24.328373 
 ** WARNING ** EPW N17_direct_normal_illuminance < 0 lux [corrected]: month 5, day 5, hour 20, value -0.0024332993 
 ** WARNING ** EPW N17_direct_normal_illuminance < 0 lux [corrected]: month 5, day 6, hour 5, value -0.19891617 
 ** WARNING ** EPW N17_direct_normal_illuminance < 0 lux [corrected]: month 5, day 6, hour 6, value -1.1130164 
 ** WARNING ** EPW N17_direct_normal_illuminance < 0 lux [corrected]: month 5, day 6, hour 20, value -0.09197273 
 ** WARNING ** EPW N17_direct_normal_illuminance < 0 lux [corrected]: month 5, day 7, hour 5, value -3.699096 
 ** WARNING ** EPW N17_direct_normal_illuminance < 0 lux [corrected]: month 5, day 7, hour 20, value -0.17201361 
 ** WARNING ** EPW N17_direct_normal_illuminance < 0 lux [corrected]: month 5, day 8, hour 5, value -1.4658545 
 ** WARNING ** EPW N17_direct_normal_illuminance < 0 lux [corrected]: month 5, day 8, hour 19, value -9.474872 
 ** WARNING ** EPW N17_direct_normal_illuminance < 0 lux [corrected]: month 5, day 8, hour 20, value -0.08576543 
 ** WARNING ** EPW N17_direct_normal_illuminance < 0 lux [corrected]: month 5, day 9, hour 5, value -1.7451895 
 ** WARNING ** EPW N17_direct_normal_illuminance < 0 lux [corrected]: month 5, day 9, hour 20, value -0.8499463 
 ** WARNING ** EPW N17_direct_normal_illuminance < 0 lux [corrected]: month 5, day 10, hour 5, value -4.807901 
 ** WARNING ** EPW N17_direct_normal_illuminance < 0 lux [corrected]: month 5, day 10, hour 19, value -10.04294 
 ** WARNING ** EPW N17_direct_normal_illuminance < 0 lux [corrected]: month 5, day 10, hour 20, value -1.1777503 
 ** WARNING ** EPW N17_direct_normal_illuminance < 0 lux [corrected]: month 5, day 11, hour 5, value -17.05266 
 ** WARNING ** EPW N17_direct_normal_illuminance < 0 lux [corrected]: month 5, day 11, hour 19, value -7.7083397 
 ** WARNING ** EPW N17_direct_normal_illuminance < 0 lux [corrected]: month 5, day 11, hour 20, value -1.16741 
 ** WARNING ** EPW N17_direct_normal_illuminance < 0 lux [corrected]: month 5, day 12, hour 5, value -15.704121 
 ** WARNING ** EPW N17_direct_normal_illuminance < 0 lux [corrected]: month 5, day 12, hour 20, value -6.287663 
 ** WARNING ** EPW N17_direct_normal_illuminance < 0 lux [corrected]: month 5, day 13, hour 5, value -22.291395 
 ** WARNING ** EPW N17_direct_normal_illuminance < 0 lux [corrected]: month 5, day 13, hour 20, value -5.712369 
 ** WARNING ** EPW N17_direct_normal_illuminance < 0 lux [corrected]: month 5, day 14, hour 5, value -28.176542 
 ** WARNING ** EPW N17_direct_normal_illuminance < 0 lux [corrected]: month 5, day 14, hour 20, value -11.719534 
 ** WARNING ** EPW N17_direct_normal_illuminance < 0 lux [corrected]: month 5, day 15, hour 5, value -29.31467 
 ** WARNING ** EPW N17_direct_normal_illuminance < 0 lux [corrected]: month 5, day 15, hour 20, value -1.971007 
 ** WARNING ** EPW N17_direct_normal_illuminance < 0 lux [corrected]: month 5, day 16, hour 5, value -1.5507572 
 ** WARNING ** EPW N17_direct_normal_illuminance < 0 lux [corrected]: month 5, day 16, hour 19, value -5.722153 
 ** WARNING ** EPW N17_direct_normal_illuminance < 0 lux [corrected]: month 5, day 16, hour 20, value -2.1316192 
 ** WARNING ** EPW N17_direct_normal_illuminance < 0 lux [corrected]: month 5, day 17, hour 5, value -1.7961674 
 ** WARNING ** EPW N17_direct_normal_illuminance < 0 lux [corrected]: month 5, day 17, hour 19, value -0.42036572 
 ** WARNING ** EPW N17_direct_normal_illuminance < 0 lux [corrected]: month 5, day 17, hour 20, value -2.557335 
 ** WARNING ** EPW N17_direct_normal_illuminance < 0 lux [corrected]: month 5, day 18, hour 5, value -1.8372016 
 ** WARNING ** EPW N17_direct_normal_illuminance < 0 lux [corrected]: month 5, day 18, hour 20, value -24.857613 
 ** WARNING ** EPW N17_direct_normal_illuminance < 0 lux [corrected]: month 5, day 19, hour 5, value -3.1115048 
 ** WARNING ** EPW N17_direct_normal_illuminance < 0 lux [corrected]: month 5, day 19, hour 20, value -38.534058 
 ** WARNING ** EPW N17_direct_normal_illuminance < 0 lux [corrected]: month 5, day 20, hour 5, value -54.358257 
 ** WARNING ** EPW N17_direct_normal_illuminance < 0 lux [corrected]: month 5, day 20, hour 20, value -4.758987 
 ** WARNING ** EPW N17_direct_normal_illuminance < 0 lux [corrected]: month 5, day 21, hour 5, value -3.491748 
 ** WARNING ** EPW N17_direct_normal_illuminance < 0 lux [corrected]: month 5, day 21, hour 19, value -0.57044685 
 ** WARNING ** EPW N17_direct_normal_illuminance < 0 lux [corrected]: month 5, day 21, hour 20, value -0.8827555 
 ** WARNING ** EPW N17_direct_normal_illuminance < 0 lux [corrected]: month 5, day 22, hour 5, value -16.54379 
 ** WARNING ** EPW N17_direct_normal_illuminance < 0 lux [corrected]: month 5, day 22, hour 19, value -0.26822397 
 ** WARNING ** EPW N17_direct_normal_illuminance < 0 lux [corrected]: month 5, day 22, hour 20, value -7.8992653 
 ** WARNING ** EPW N17_direct_normal_illuminance < 0 lux [corrected]: month 5, day 23, hour 5, value -3.4297345 
 ** WARNING ** EPW N17_direct_normal_illuminance < 0 lux [corrected]: month 5, day 23, hour 20, value -53.917477 
 ** WARNING ** EPW N17_direct_normal_illuminance < 0 lux [corrected]: month 5, day 24, hour 5, value -75.60538 
 ** WARNING ** EPW N17_direct_normal_illuminance < 0 lux [corrected]: month 5, day 24, hour 20, value -64.92455 
 ** WARNING ** EPW N17_direct_normal_illuminance < 0 lux [corrected]: month 5, day 25, hour 5, value -86.80967 
 ** WARNING ** EPW N17_direct_normal_illuminance < 0 lux [corrected]: month 5, day 25, hour 20, value -89.772354 
 ** WARNING ** EPW N17_direct_normal_illuminance < 0 lux [corrected]: month 5, day 26, hour 5, value -65.28431 
 ** WARNING ** EPW N17_direct_normal_illuminance < 0 lux [corrected]: month 5, day 26, hour 20, value -88.050705 
 ** WARNING ** EPW N17_direct_normal_illuminance < 0 lux [corrected]: month 5, day 27, hour 5, value -73.788345 
 ** WARNING ** EPW N17_direct_normal_illuminance < 0 lux [corrected]: month 5, day 27, hour 20, value -97.34027 
 ** WARNING ** EPW N17_direct_normal_illuminance < 0 lux [corrected]: month 5, day 28, hour 5, value -73.17828 
 ** WARNING ** EPW N17_direct_normal_illuminance < 0 lux [corrected]: month 5, day 28, hour 20, value -110.289925 
 ** WARNING ** EPW N17_direct_normal_illuminance < 0 lux [corrected]: month 5, day 29, hour 5, value -79.105125 
 ** WARNING ** EPW N17_direct_normal_illuminance < 0 lux [corrected]: month 5, day 29, hour 20, value -106.778786 
 ** WARNING ** EPW N17_direct_normal_illuminance < 0 lux [corrected]: month 5, day 30, hour 5, value -74.95134 
 ** WARNING ** EPW N17_direct_normal_illuminance < 0 lux [corrected]: month 5, day 30, hour 20, value -153.11987 
 ** WARNING ** EPW N17_direct_normal_illuminance < 0 lux [corrected]: month 5, day 31, hour 5, value -88.2196 
 ** WARNING ** EPW N17_direct_normal_illuminance < 0 lux [corrected]: month 5, day 31, hour 20, value -152.38956 
 ** WARNING ** EPW N17_direct_normal_illuminance < 0 lux [corrected]: month 6, day 1, hour 5, value -78.293236 
 ** WARNING ** EPW N17_direct_normal_illuminance < 0 lux [corrected]: month 6, day 1, hour 20, value -26.863087 
 ** WARNING ** EPW N17_direct_normal_illuminance < 0 lux [corrected]: month 6, day 2, hour 5, value -16.099882 
 ** WARNING ** EPW N17_direct_normal_illuminance < 0 lux [corrected]: month 6, day 2, hour 20, value -145.06361 
 ** WARNING ** EPW N17_direct_normal_illuminance < 0 lux [corrected]: month 6, day 3, hour 5, value -19.408047 
 ** WARNING ** EPW N17_direct_normal_illuminance < 0 lux [corrected]: month 6, day 3, hour 20, value -39.15274 
 ** WARNING ** EPW N17_direct_normal_illuminance < 0 lux [corrected]: month 6, day 4, hour 5, value -19.972662 
 ** WARNING ** EPW N17_direct_normal_illuminance < 0 lux [corrected]: month 6, day 4, hour 20, value -37.37333 
 ** WARNING ** EPW N17_direct_normal_illuminance < 0 lux [corrected]: month 6, day 5, hour 5, value -3.4997182 
 ** WARNING ** EPW N17_direct_normal_illuminance < 0 lux [corrected]: month 6, day 6, hour 5, value -17.3431 
 ** WARNING ** EPW N17_direct_normal_illuminance < 0 lux [corrected]: month 6, day 6, hour 20, value -38.740234 
 ** WARNING ** EPW N17_direct_normal_illuminance < 0 lux [corrected]: month 6, day 7, hour 5, value -18.024286 
 ** WARNING ** EPW N17_direct_normal_illuminance < 0 lux [corrected]: month 6, day 7, hour 20, value -96.88961 
 ** WARNING ** EPW N17_direct_normal_illuminance < 0 lux [corrected]: month 6, day 8, hour 5, value -74.70516 
 ** WARNING ** EPW N17_direct_normal_illuminance < 0 lux [corrected]: month 6, day 8, hour 20, value -163.19612 
 ** WARNING ** EPW N17_direct_normal_illuminance < 0 lux [corrected]: month 6, day 9, hour 5, value -33.054985 
 ** WARNING ** EPW N17_direct_normal_illuminance < 0 lux [corrected]: month 6, day 9, hour 20, value -38.352577 
 ** WARNING ** EPW N17_direct_normal_illuminance < 0 lux [corrected]: month 6, day 10, hour 5, value -20.653193 
 ** WARNING ** EPW N17_direct_normal_illuminance < 0 lux [corrected]: month 6, day 10, hour 20, value -35.89937 
 ** WARNING ** EPW N17_direct_normal_illuminance < 0 lux [corrected]: month 6, day 11, hour 5, value -4.2557116 
 ** WARNING ** EPW N17_direct_normal_illuminance < 0 lux [corrected]: month 6, day 11, hour 20, value -42.84937 
 ** WARNING ** EPW N17_direct_normal_illuminance < 0 lux [corrected]: month 6, day 12, hour 5, value -17.455563 
 ** WARNING ** EPW N17_direct_normal_illuminance < 0 lux [corrected]: month 6, day 12, hour 20, value -38.08423 
 ** WARNING ** EPW N17_direct_normal_illuminance < 0 lux [corrected]: month 6, day 13, hour 5, value -3.8819568 
 ** WARNING ** EPW N17_direct_normal_illuminance < 0 lux [corrected]: month 6, day 13, hour 20, value -36.37372 
 ** WARNING ** EPW N17_direct_normal_illuminance < 0 lux [corrected]: month 6, day 14, hour 5, value -3.9793978 
 ** WARNING ** EPW N17_direct_normal_illuminance < 0 lux [corrected]: month 6, day 14, hour 20, value -34.991116 
 ** WARNING ** EPW N17_direct_normal_illuminance < 0 lux [corrected]: month 6, day 15, hour 5, value -63.92719 
 ** WARNING ** EPW N17_direct_normal_illuminance < 0 lux [corrected]: month 6, day 15, hour 20, value -41.404537 
 ** WARNING ** EPW N17_direct_normal_illuminance < 0 lux [corrected]: month 6, day 16, hour 5, value -17.017233 
 ** WARNING ** EPW N17_direct_normal_illuminance < 0 lux [corrected]: month 6, day 16, hour 20, value -41.173283 
 ** WARNING ** EPW N17_direct_normal_illuminance < 0 lux [corrected]: month 6, day 17, hour 5, value -4.100918 
 ** WARNING ** EPW N17_direct_normal_illuminance < 0 lux [corrected]: month 6, day 17, hour 20, value -6.327872 
 ** WARNING ** EPW N17_direct_normal_illuminance < 0 lux [corrected]: month 6, day 18, hour 5, value -6.928069 
 ** WARNING ** EPW N17_direct_normal_illuminance < 0 lux [corrected]: month 6, day 19, hour 5, value -75.494316 
 ** WARNING ** EPW N17_direct_normal_illuminance < 0 lux [corrected]: month 6, day 19, hour 20, value -42.92563 
 ** WARNING ** EPW N17_direct_normal_illuminance < 0 lux [corrected]: month 6, day 20, hour 5, value -18.334204 
 ** WARNING ** EPW N17_direct_normal_illuminance < 0 lux [corrected]: month 6, day 20, hour 20, value -44.58041 
 ** WARNING ** EPW N17_direct_normal_illuminance < 0 lux [corrected]: month 6, day 21, hour 5, value -68.43367 
 ** WARNING ** EPW N17_direct_normal_illuminance < 0 lux [corrected]: month 6, day 22, hour 5, value -32.756245 
 ** WARNING ** EPW N17_direct_normal_illuminance < 0 lux [corrected]: month 6, day 22, hour 20, value -95.237686 
 ** WARNING ** EPW N17_direct_normal_illuminance < 0 lux [corrected]: month 6, day 23, hour 5, value -50.8183 
 ** WARNING ** EPW N22_total_sky_cover < 0 deca [corrected]: month 6, day 23, hour 22, value -1.0 
 ** WARNING ** EPW N23_opaque_sky_cover < 0 deca [corrected]: month 6, day 23, hour 22, value -1.0 
 ** WARNING ** EPW N22_total_sky_cover < 0 deca [corrected]: month 6, day 23, hour 23, value -1.0 
 ** WARNING ** EPW N23_opaque_sky_cover < 0 deca [corrected]: month 6, day 23, hour 23, value -1.0 
 ** WARNING ** EPW N17_direct_normal_illuminance < 0 lux [corrected]: month 6, day 24, hour 5, value -3.1616225 
 ** WARNING ** EPW N17_direct_normal_illuminance < 0 lux [corrected]: month 6, day 24, hour 20, value -37.810555 
 ** WARNING ** EPW N17_direct_normal_illuminance < 0 lux [corrected]: month 6, day 25, hour 5, value -16.78116 
 ** WARNING ** EPW N17_direct_normal_illuminance < 0 lux [corrected]: month 6, day 25, hour 20, value -183.69673 
 ** WARNING ** EPW N17_direct_normal_illuminance < 0 lux [corrected]: month 6, day 26, hour 5, value -3.375637 
 ** WARNING ** EPW N22_total_sky_cover < 0 deca [corrected]: month 6, day 26, hour 11, value -1.0 
 ** WARNING ** EPW N23_opaque_sky_cover < 0 deca [corrected]: month 6, day 26, hour 11, value -1.0 
 ** WARNING ** EPW N22_total_sky_cover < 0 deca [corrected]: month 6, day 26, hour 12, value -1.0 
 ** WARNING ** EPW N23_opaque_sky_cover < 0 deca [corrected]: month 6, day 26, hour 12, value -1.0 
 ** WARNING ** EPW N22_total_sky_cover < 0 deca [corrected]: month 6, day 26, hour 13, value -1.0 
 ** WARNING ** EPW N23_opaque_sky_cover < 0 deca [corrected]: month 6, day 26, hour 13, value -1.0 
 ** WARNING ** EPW N22_total_sky_cover < 0 deca [corrected]: month 6, day 26, hour 14, value -1.0 
 ** WARNING ** EPW N23_opaque_sky_cover < 0 deca [corrected]: month 6, day 26, hour 14, value -1.0 
 ** WARNING ** EPW N22_total_sky_cover < 0 deca [corrected]: month 6, day 26, hour 15, value -1.0 
 ** WARNING ** EPW N23_opaque_sky_cover < 0 deca [corrected]: month 6, day 26, hour 15, value -1.0 
 ** WARNING ** EPW N22_total_sky_cover < 0 deca [corrected]: month 6, day 26, hour 16, value -1.0 
 ** WARNING ** EPW N23_opaque_sky_cover < 0 deca [corrected]: month 6, day 26, hour 16, value -1.0 
 ** WARNING ** EPW N22_total_sky_cover < 0 deca [corrected]: month 6, day 26, hour 17, value -1.0 
 ** WARNING ** EPW N23_opaque_sky_cover < 0 deca [corrected]: month 6, day 26, hour 17, value -1.0 
 ** WARNING ** EPW N22_total_sky_cover < 0 deca [corrected]: month 6, day 26, hour 18, value -1.0 
 ** WARNING ** EPW N23_opaque_sky_cover < 0 deca [corrected]: month 6, day 26, hour 18, value -1.0 
 ** WARNING ** EPW N22_total_sky_cover < 0 deca [corrected]: month 6, day 26, hour 19, value -1.0 
 ** WARNING ** EPW N23_opaque_sky_cover < 0 deca [corrected]: month 6, day 26, hour 19, value -1.0 
 ** WARNING ** EPW N22_total_sky_cover < 0 deca [corrected]: month 6, day 26, hour 20, value -1.0 
 ** WARNING ** EPW N23_opaque_sky_cover < 0 deca [corrected]: month 6, day 26, hour 20, value -1.0 
 ** WARNING ** EPW N22_total_sky_cover < 0 deca [corrected]: month 6, day 26, hour 21, value -1.0 
 ** WARNING ** EPW N23_opaque_sky_cover < 0 deca [corrected]: month 6, day 26, hour 21, value -1.0 
 ** WARNING ** EPW N22_total_sky_cover < 0 deca [corrected]: month 6, day 26, hour 22, value -1.0 
 ** WARNING ** EPW N23_opaque_sky_cover < 0 deca [corrected]: month 6, day 26, hour 22, value -1.0 
 ** WARNING ** EPW N22_total_sky_cover < 0 deca [corrected]: month 6, day 26, hour 23, value -1.0 
 ** WARNING ** EPW N23_opaque_sky_cover < 0 deca [corrected]: month 6, day 26, hour 23, value -1.0 
 ** WARNING ** EPW N22_total_sky_cover < 0 deca [corrected]: month 6, day 26, hour 24, value -1.0 
 ** WARNING ** EPW N23_opaque_sky_cover < 0 deca [corrected]: month 6, day 26, hour 24, value -1.0 
 ** WARNING ** EPW N22_total_sky_cover < 0 deca [corrected]: month 6, day 27, hour 1, value -1.0 
 ** WARNING ** EPW N23_opaque_sky_cover < 0 deca [corrected]: month 6, day 27, hour 1, value -1.0 
 ** WARNING ** EPW N22_total_sky_cover < 0 deca [corrected]: month 6, day 27, hour 2, value -1.0 
 ** WARNING ** EPW N23_opaque_sky_cover < 0 deca [corrected]: month 6, day 27, hour 2, value -1.0 
 ** WARNING ** EPW N17_direct_normal_illuminance < 0 lux [corrected]: month 6, day 27, hour 5, value -18.055462 
 ** WARNING ** EPW N22_total_sky_cover < 0 deca [corrected]: month 6, day 27, hour 10, value -1.0 
 ** WARNING ** EPW N23_opaque_sky_cover < 0 deca [corrected]: month 6, day 27, hour 10, value -1.0 
 ** WARNING ** EPW N17_direct_normal_illuminance < 0 lux [corrected]: month 6, day 28, hour 5, value -88.42667 
 ** WARNING ** EPW N22_total_sky_cover < 0 deca [corrected]: month 6, day 28, hour 9, value -1.0 
 ** WARNING ** EPW N23_opaque_sky_cover < 0 deca [corrected]: month 6, day 28, hour 9, value -1.0 
 ** WARNING ** EPW N22_total_sky_cover < 0 deca [corrected]: month 6, day 28, hour 10, value -1.0 
 ** WARNING ** EPW N23_opaque_sky_cover < 0 deca [corrected]: month 6, day 28, hour 10, value -1.0 
 ** WARNING ** EPW N22_total_sky_cover < 0 deca [corrected]: month 6, day 28, hour 11, value -1.0 
 ** WARNING ** EPW N23_opaque_sky_cover < 0 deca [corrected]: month 6, day 28, hour 11, value -1.0 
 ** WARNING ** EPW N22_total_sky_cover < 0 deca [corrected]: month 6, day 28, hour 17, value -1.0 
 ** WARNING ** EPW N23_opaque_sky_cover < 0 deca [corrected]: month 6, day 28, hour 17, value -1.0 
 ** WARNING ** EPW N22_total_sky_cover < 0 deca [corrected]: month 6, day 28, hour 18, value -1.0 
 ** WARNING ** EPW N23_opaque_sky_cover < 0 deca [corrected]: month 6, day 28, hour 18, value -1.0 
 ** WARNING ** EPW N22_total_sky_cover < 0 deca [corrected]: month 6, day 28, hour 19, value -1.0 
 ** WARNING ** EPW N23_opaque_sky_cover < 0 deca [corrected]: month 6, day 28, hour 19, value -1.0 
 ** WARNING ** EPW N22_total_sky_cover < 0 deca [corrected]: month 6, day 28, hour 23, value -1.0 
 ** WARNING ** EPW N23_opaque_sky_cover < 0 deca [corrected]: month 6, day 28, hour 23, value -1.0 
 ** WARNING ** EPW N22_total_sky_cover < 0 deca [corrected]: month 6, day 28, hour 24, value -1.0 
 ** WARNING ** EPW N23_opaque_sky_cover < 0 deca [corrected]: month 6, day 28, hour 24, value -1.0 
 ** WARNING ** EPW N22_total_sky_cover < 0 deca [corrected]: month 6, day 29, hour 1, value -1.0 
 ** WARNING ** EPW N23_opaque_sky_cover < 0 deca [corrected]: month 6, day 29, hour 1, value -1.0 
 ** WARNING ** EPW N22_total_sky_cover < 0 deca [corrected]: month 6, day 29, hour 2, value -1.0 
 ** WARNING ** EPW N23_opaque_sky_cover < 0 deca [corrected]: month 6, day 29, hour 2, value -1.0 
 ** WARNING ** EPW N17_direct_normal_illuminance < 0 lux [corrected]: month 6, day 29, hour 5, value -93.67742 
 ** WARNING ** EPW N22_total_sky_cover < 0 deca [corrected]: month 6, day 30, hour 3, value -1.0 
 ** WARNING ** EPW N23_opaque_sky_cover < 0 deca [corrected]: month 6, day 30, hour 3, value -1.0 
 ** WARNING ** EPW N17_direct_normal_illuminance < 0 lux [corrected]: month 6, day 30, hour 5, value -96.32037 
 ** WARNING ** EPW N22_total_sky_cover < 0 deca [corrected]: month 6, day 30, hour 8, value -1.0 
 ** WARNING ** EPW N23_opaque_sky_cover < 0 deca [corrected]: month 6, day 30, hour 8, value -1.0 
 ** WARNING ** EPW N22_total_sky_cover < 0 deca [corrected]: month 6, day 30, hour 9, value -1.0 
 ** WARNING ** EPW N23_opaque_sky_cover < 0 deca [corrected]: month 6, day 30, hour 9, value -1.0 
 ** WARNING ** EPW N22_total_sky_cover < 0 deca [corrected]: month 6, day 30, hour 10, value -1.0 
 ** WARNING ** EPW N23_opaque_sky_cover < 0 deca [corrected]: month 6, day 30, hour 10, value -1.0 
 ** WARNING ** EPW N22_total_sky_cover < 0 deca [corrected]: month 6, day 30, hour 11, value -1.0 
 ** WARNING ** EPW N23_opaque_sky_cover < 0 deca [corrected]: month 6, day 30, hour 11, value -1.0 
 ** WARNING ** EPW N22_total_sky_cover < 0 deca [corrected]: month 6, day 30, hour 12, value -1.0 
 ** WARNING ** EPW N23_opaque_sky_cover < 0 deca [corrected]: month 6, day 30, hour 12, value -1.0 
 ** WARNING ** EPW N22_total_sky_cover < 0 deca [corrected]: month 6, day 30, hour 13, value -1.0 
 ** WARNING ** EPW N23_opaque_sky_cover < 0 deca [corrected]: month 6, day 30, hour 13, value -1.0 
 ** WARNING ** EPW N22_total_sky_cover < 0 deca [corrected]: month 6, day 30, hour 14, value -1.0 
 ** WARNING ** EPW N23_opaque_sky_cover < 0 deca [corrected]: month 6, day 30, hour 14, value -1.0 
 ** WARNING ** EPW N22_total_sky_cover < 0 deca [corrected]: month 6, day 30, hour 15, value -1.0 
 ** WARNING ** EPW N23_opaque_sky_cover < 0 deca [corrected]: month 6, day 30, hour 15, value -1.0 
 ** WARNING ** EPW N22_total_sky_cover < 0 deca [corrected]: month 6, day 30, hour 17, value -1.0 
 ** WARNING ** EPW N23_opaque_sky_cover < 0 deca [corrected]: month 6, day 30, hour 17, value -1.0 
 ** WARNING ** EPW N22_total_sky_cover < 0 deca [corrected]: month 6, day 30, hour 18, value -1.0 
 ** WARNING ** EPW N23_opaque_sky_cover < 0 deca [corrected]: month 6, day 30, hour 18, value -1.0 
 ** WARNING ** EPW N17_direct_normal_illuminance < 0 lux [corrected]: month 7, day 1, hour 5, value -26.738373 
 ** WARNING ** EPW N17_direct_normal_illuminance < 0 lux [corrected]: month 7, day 2, hour 5, value -126.44515 
 ** WARNING ** EPW N17_direct_normal_illuminance < 0 lux [corrected]: month 7, day 2, hour 20, value -34.53043 
 ** WARNING ** EPW N17_direct_normal_illuminance < 0 lux [corrected]: month 7, day 3, hour 5, value -24.37534 
 ** WARNING ** EPW N17_direct_normal_illuminance < 0 lux [corrected]: month 7, day 3, hour 20, value -117.9508 
 ** WARNING ** EPW N17_direct_normal_illuminance < 0 lux [corrected]: month 7, day 4, hour 5, value -26.219622 
 ** WARNING ** EPW N17_direct_normal_illuminance < 0 lux [corrected]: month 7, day 4, hour 20, value -38.05192 
 ** WARNING ** EPW N22_total_sky_cover < 0 deca [corrected]: month 7, day 5, hour 2, value -1.0 
 ** WARNING ** EPW N23_opaque_sky_cover < 0 deca [corrected]: month 7, day 5, hour 2, value -1.0 
 ** WARNING ** EPW N17_direct_normal_illuminance < 0 lux [corrected]: month 7, day 5, hour 5, value -144.74158 
 ** WARNING ** EPW N17_direct_normal_illuminance < 0 lux [corrected]: month 7, day 5, hour 20, value -39.522087 
 ** WARNING ** EPW N17_direct_normal_illuminance < 0 lux [corrected]: month 7, day 6, hour 5, value -160.78938 
 ** WARNING ** EPW N17_direct_normal_illuminance < 0 lux [corrected]: month 7, day 7, hour 5, value -27.180532 
 ** WARNING ** EPW N17_direct_normal_illuminance < 0 lux [corrected]: month 7, day 7, hour 20, value -210.58058 
 ** WARNING ** EPW N17_direct_normal_illuminance < 0 lux [corrected]: month 7, day 8, hour 5, value -148.85497 
 ** WARNING ** EPW N17_direct_normal_illuminance < 0 lux [corrected]: month 7, day 8, hour 20, value -42.883224 
 ** WARNING ** EPW N17_direct_normal_illuminance < 0 lux [corrected]: month 7, day 9, hour 5, value -167.41098 
 ** WARNING ** EPW N17_direct_normal_illuminance < 0 lux [corrected]: month 7, day 10, hour 5, value -5.0126953 
 ** WARNING ** EPW N17_direct_normal_illuminance < 0 lux [corrected]: month 7, day 11, hour 5, value -4.890699 
 ** WARNING ** EPW N22_total_sky_cover < 0 deca [corrected]: month 7, day 12, hour 2, value -1.0 
 ** WARNING ** EPW N23_opaque_sky_cover < 0 deca [corrected]: month 7, day 12, hour 2, value -1.0 
 ** WARNING ** EPW N17_direct_normal_illuminance < 0 lux [corrected]: month 7, day 12, hour 5, value -4.868549 
 ** WARNING ** EPW N17_direct_normal_illuminance < 0 lux [corrected]: month 7, day 12, hour 20, value -41.9905 
 ** WARNING ** EPW N17_direct_normal_illuminance < 0 lux [corrected]: month 7, day 13, hour 5, value -27.690536 
 ** WARNING ** EPW N17_direct_normal_illuminance < 0 lux [corrected]: month 7, day 14, hour 5, value -125.97283 
 ** WARNING ** EPW N17_direct_normal_illuminance < 0 lux [corrected]: month 7, day 14, hour 20, value -56.874115 
 ** WARNING ** EPW N17_direct_normal_illuminance < 0 lux [corrected]: month 7, day 15, hour 5, value -19.0558 
 ** WARNING ** EPW N17_direct_normal_illuminance < 0 lux [corrected]: month 7, day 15, hour 20, value -44.69062 
 ** WARNING ** EPW N17_direct_normal_illuminance < 0 lux [corrected]: month 7, day 16, hour 5, value -19.332594 
 ** WARNING ** EPW N17_direct_normal_illuminance < 0 lux [corrected]: month 7, day 16, hour 20, value -43.61157 
 ** WARNING ** EPW N17_direct_normal_illuminance < 0 lux [corrected]: month 7, day 17, hour 5, value -14.312107 
 ** WARNING ** EPW N17_direct_normal_illuminance < 0 lux [corrected]: month 7, day 17, hour 20, value -41.97277 
 ** WARNING ** EPW N17_direct_normal_illuminance < 0 lux [corrected]: month 7, day 18, hour 5, value -85.95215 
 ** WARNING ** EPW N22_total_sky_cover < 0 deca [corrected]: month 7, day 18, hour 24, value -1.0 
 ** WARNING ** EPW N23_opaque_sky_cover < 0 deca [corrected]: month 7, day 18, hour 24, value -1.0 
 ** WARNING ** EPW N17_direct_normal_illuminance < 0 lux [corrected]: month 7, day 19, hour 5, value -14.599829 
 ** WARNING ** EPW N17_direct_normal_illuminance < 0 lux [corrected]: month 7, day 20, hour 5, value -65.50395 
 ** WARNING ** EPW N22_total_sky_cover < 0 deca [corrected]: month 7, day 20, hour 24, value -1.0 
 ** WARNING ** EPW N23_opaque_sky_cover < 0 deca [corrected]: month 7, day 20, hour 24, value -1.0 
 ** WARNING ** EPW N22_total_sky_cover < 0 deca [corrected]: month 7, day 21, hour 1, value -1.0 
 ** WARNING ** EPW N23_opaque_sky_cover < 0 deca [corrected]: month 7, day 21, hour 1, value -1.0 
 ** WARNING ** EPW N22_total_sky_cover < 0 deca [corrected]: month 7, day 21, hour 2, value -1.0 
 ** WARNING ** EPW N23_opaque_sky_cover < 0 deca [corrected]: month 7, day 21, hour 2, value -1.0 
 ** WARNING ** EPW N22_total_sky_cover < 0 deca [corrected]: month 7, day 21, hour 3, value -1.0 
 ** WARNING ** EPW N23_opaque_sky_cover < 0 deca [corrected]: month 7, day 21, hour 3, value -1.0 
 ** WARNING ** EPW N17_direct_normal_illuminance < 0 lux [corrected]: month 7, day 21, hour 5, value -37.874195 
 ** WARNING ** EPW N17_direct_normal_illuminance < 0 lux [corrected]: month 7, day 21, hour 20, value -238.45615 
 ** WARNING ** EPW N17_direct_normal_illuminance < 0 lux [corrected]: month 7, day 22, hour 5, value -55.51098 
 ** WARNING ** EPW N17_direct_normal_illuminance < 0 lux [corrected]: month 7, day 23, hour 5, value -20.902607 
 ** WARNING ** EPW N17_direct_normal_illuminance < 0 lux [corrected]: month 7, day 23, hour 20, value -68.16438 
 ** WARNING ** EPW N17_direct_normal_illuminance < 0 lux [corrected]: month 7, day 24, hour 5, value -1.5282879 
 ** WARNING ** EPW N17_direct_normal_illuminance < 0 lux [corrected]: month 7, day 24, hour 6, value -1.1141955 
 ** WARNING ** EPW N17_direct_normal_illuminance < 0 lux [corrected]: month 7, day 24, hour 20, value -3.3120806 
 ** WARNING ** EPW N17_direct_normal_illuminance < 0 lux [corrected]: month 7, day 25, hour 5, value -20.569923 
 ** WARNING ** EPW N17_direct_normal_illuminance < 0 lux [corrected]: month 7, day 25, hour 20, value -23.08507 
 ** WARNING ** EPW N17_direct_normal_illuminance < 0 lux [corrected]: month 7, day 26, hour 5, value -32.531654 
 ** WARNING ** EPW N17_direct_normal_illuminance < 0 lux [corrected]: month 7, day 26, hour 19, value -0.5467508 
 ** WARNING ** EPW N17_direct_normal_illuminance < 0 lux [corrected]: month 7, day 26, hour 20, value -25.169094 
 ** WARNING ** EPW N17_direct_normal_illuminance < 0 lux [corrected]: month 7, day 27, hour 5, value -7.759224 
 ** WARNING ** EPW N17_direct_normal_illuminance < 0 lux [corrected]: month 7, day 27, hour 20, value -15.725448 
 ** WARNING ** EPW N17_direct_normal_illuminance < 0 lux [corrected]: month 7, day 28, hour 5, value -21.005592 
 ** WARNING ** EPW N17_direct_normal_illuminance < 0 lux [corrected]: month 7, day 28, hour 20, value -127.26678 
 ** WARNING ** EPW N17_direct_normal_illuminance < 0 lux [corrected]: month 7, day 29, hour 5, value -11.504019 
 ** WARNING ** EPW N17_direct_normal_illuminance < 0 lux [corrected]: month 7, day 29, hour 20, value -99.428696 
 ** WARNING ** EPW N17_direct_normal_illuminance < 0 lux [corrected]: month 7, day 30, hour 5, value -1.897007 
 ** WARNING ** EPW N17_direct_normal_illuminance < 0 lux [corrected]: month 7, day 30, hour 6, value -2.690167 
 ** WARNING ** EPW N17_direct_normal_illuminance < 0 lux [corrected]: month 7, day 30, hour 20, value -10.046205 
 ** WARNING ** EPW N17_direct_normal_illuminance < 0 lux [corrected]: month 7, day 31, hour 5, value -1.8010554 
 ** WARNING ** EPW N17_direct_normal_illuminance < 0 lux [corrected]: month 7, day 31, hour 6, value -2.519801 
 ** WARNING ** EPW N17_direct_normal_illuminance < 0 lux [corrected]: month 7, day 31, hour 19, value -1.2684757 
 ** WARNING ** EPW N17_direct_normal_illuminance < 0 lux [corrected]: month 7, day 31, hour 20, value -1.1637495 
 ** WARNING ** EPW N17_direct_normal_illuminance < 0 lux [corrected]: month 8, day 1, hour 5, value -0.52668786 
 ** WARNING ** EPW N17_direct_normal_illuminance < 0 lux [corrected]: month 8, day 1, hour 6, value -3.539618 
 ** WARNING ** EPW N17_direct_normal_illuminance < 0 lux [corrected]: month 8, day 1, hour 20, value -55.468502 
 ** WARNING ** EPW N17_direct_normal_illuminance < 0 lux [corrected]: month 8, day 2, hour 5, value -2.8640504 
 ** WARNING ** EPW N17_direct_normal_illuminance < 0 lux [corrected]: month 8, day 2, hour 20, value -5.54397 
 ** WARNING ** EPW N22_total_sky_cover < 0 deca [corrected]: month 8, day 3, hour 3, value -1.0 
 ** WARNING ** EPW N23_opaque_sky_cover < 0 deca [corrected]: month 8, day 3, hour 3, value -1.0 
 ** WARNING ** EPW N22_total_sky_cover < 0 deca [corrected]: month 8, day 3, hour 4, value -1.0 
 ** WARNING ** EPW N23_opaque_sky_cover < 0 deca [corrected]: month 8, day 3, hour 4, value -1.0 
 ** WARNING ** EPW N17_direct_normal_illuminance < 0 lux [corrected]: month 8, day 3, hour 5, value -0.90570647 
 ** WARNING ** EPW N17_direct_normal_illuminance < 0 lux [corrected]: month 8, day 3, hour 20, value -39.79966 
 ** WARNING ** EPW N22_total_sky_cover < 0 deca [corrected]: month 8, day 3, hour 23, value -1.0 
 ** WARNING ** EPW N23_opaque_sky_cover < 0 deca [corrected]: month 8, day 3, hour 23, value -1.0 
 ** WARNING ** EPW N22_total_sky_cover < 0 deca [corrected]: month 8, day 3, hour 24, value -1.0 
 ** WARNING ** EPW N23_opaque_sky_cover < 0 deca [corrected]: month 8, day 3, hour 24, value -1.0 
 ** WARNING ** EPW N22_total_sky_cover < 0 deca [corrected]: month 8, day 4, hour 1, value -1.0 
 ** WARNING ** EPW N23_opaque_sky_cover < 0 deca [corrected]: month 8, day 4, hour 1, value -1.0 
 ** WARNING ** EPW N17_direct_normal_illuminance < 0 lux [corrected]: month 8, day 4, hour 5, value -0.8562854 
 ** WARNING ** EPW N17_direct_normal_illuminance < 0 lux [corrected]: month 8, day 4, hour 20, value -24.734922 
 ** WARNING ** EPW N22_total_sky_cover < 0 deca [corrected]: month 8, day 5, hour 1, value -1.0 
 ** WARNING ** EPW N23_opaque_sky_cover < 0 deca [corrected]: month 8, day 5, hour 1, value -1.0 
 ** WARNING ** EPW N22_total_sky_cover < 0 deca [corrected]: month 8, day 5, hour 2, value -1.0 
 ** WARNING ** EPW N23_opaque_sky_cover < 0 deca [corrected]: month 8, day 5, hour 2, value -1.0 
 ** WARNING ** EPW N22_total_sky_cover < 0 deca [corrected]: month 8, day 5, hour 3, value -1.0 
 ** WARNING ** EPW N23_opaque_sky_cover < 0 deca [corrected]: month 8, day 5, hour 3, value -1.0 
 ** WARNING ** EPW N22_total_sky_cover < 0 deca [corrected]: month 8, day 5, hour 4, value -1.0 
 ** WARNING ** EPW N23_opaque_sky_cover < 0 deca [corrected]: month 8, day 5, hour 4, value -1.0 
 ** WARNING ** EPW N17_direct_normal_illuminance < 0 lux [corrected]: month 8, day 5, hour 5, value -0.6068656 
 ** WARNING ** EPW N17_direct_normal_illuminance < 0 lux [corrected]: month 8, day 5, hour 20, value -2.9153032 
 ** WARNING ** EPW N17_direct_normal_illuminance < 0 lux [corrected]: month 8, day 6, hour 6, value -15.989049 
 ** WARNING ** EPW N17_direct_normal_illuminance < 0 lux [corrected]: month 8, day 6, hour 20, value -16.865002 
 ** WARNING ** EPW N17_direct_normal_illuminance < 0 lux [corrected]: month 8, day 7, hour 6, value -15.38005 
 ** WARNING ** EPW N17_direct_normal_illuminance < 0 lux [corrected]: month 8, day 7, hour 20, value -4.413322 
 ** WARNING ** EPW N17_direct_normal_illuminance < 0 lux [corrected]: month 8, day 8, hour 5, value -0.012646009 
 ** WARNING ** EPW N17_direct_normal_illuminance < 0 lux [corrected]: month 8, day 8, hour 6, value -16.924948 
 ** WARNING ** EPW N17_direct_normal_illuminance < 0 lux [corrected]: month 8, day 8, hour 19, value -3.645324 
 ** WARNING ** EPW N17_direct_normal_illuminance < 0 lux [corrected]: month 8, day 8, hour 20, value -0.7275472 
 ** WARNING ** EPW N17_direct_normal_illuminance < 0 lux [corrected]: month 8, day 9, hour 5, value -0.0056291474 
 ** WARNING ** EPW N17_direct_normal_illuminance < 0 lux [corrected]: month 8, day 9, hour 6, value -19.456573 
 ** WARNING ** EPW N17_direct_normal_illuminance < 0 lux [corrected]: month 8, day 9, hour 19, value -4.488484 
 ** WARNING ** EPW N17_direct_normal_illuminance < 0 lux [corrected]: month 8, day 9, hour 20, value -0.0685347 
 ** WARNING ** EPW N17_direct_normal_illuminance < 0 lux [corrected]: month 8, day 10, hour 6, value -4.703766 
 ** WARNING ** EPW N17_direct_normal_illuminance < 0 lux [corrected]: month 8, day 10, hour 20, value -1.6028783 
 ** WARNING ** EPW N17_direct_normal_illuminance < 0 lux [corrected]: month 8, day 11, hour 5, value -0.0010518855 
 ** WARNING ** EPW N17_direct_normal_illuminance < 0 lux [corrected]: month 8, day 11, hour 6, value -69.614845 
 ** WARNING ** EPW N17_direct_normal_illuminance < 0 lux [corrected]: month 8, day 11, hour 19, value -20.95651 
 ** WARNING ** EPW N17_direct_normal_illuminance < 0 lux [corrected]: month 8, day 11, hour 20, value -1.3103604 
 ** WARNING ** EPW N17_direct_normal_illuminance < 0 lux [corrected]: month 8, day 12, hour 6, value -4.4334764 
 ** WARNING ** EPW N17_direct_normal_illuminance < 0 lux [corrected]: month 8, day 12, hour 19, value -28.35687 
 ** WARNING ** EPW N17_direct_normal_illuminance < 0 lux [corrected]: month 8, day 12, hour 20, value -0.06527637 
 ** WARNING ** EPW N17_direct_normal_illuminance < 0 lux [corrected]: month 8, day 13, hour 6, value -4.8946066 
 ** WARNING ** EPW N17_direct_normal_illuminance < 0 lux [corrected]: month 8, day 13, hour 19, value -28.343433 
 ** WARNING ** EPW N17_direct_normal_illuminance < 0 lux [corrected]: month 8, day 13, hour 20, value -0.004387548 
 ** WARNING ** EPW N17_direct_normal_illuminance < 0 lux [corrected]: month 8, day 14, hour 6, value -4.4214034 
 ** WARNING ** EPW N17_direct_normal_illuminance < 0 lux [corrected]: month 8, day 14, hour 19, value -30.669035 
 ** WARNING ** EPW N17_direct_normal_illuminance < 0 lux [corrected]: month 8, day 15, hour 6, value -4.9139547 
 ** WARNING ** EPW N17_direct_normal_illuminance < 0 lux [corrected]: month 8, day 15, hour 20, value -0.0048573585 
 ** WARNING ** EPW N22_total_sky_cover < 0 deca [corrected]: month 8, day 15, hour 22, value -1.0 
 ** WARNING ** EPW N23_opaque_sky_cover < 0 deca [corrected]: month 8, day 15, hour 22, value -1.0 
 ** WARNING ** EPW N22_total_sky_cover < 0 deca [corrected]: month 8, day 15, hour 23, value -1.0 
 ** WARNING ** EPW N23_opaque_sky_cover < 0 deca [corrected]: month 8, day 15, hour 23, value -1.0 
 ** WARNING ** EPW N22_total_sky_cover < 0 deca [corrected]: month 8, day 15, hour 24, value -1.0 
 ** WARNING ** EPW N23_opaque_sky_cover < 0 deca [corrected]: month 8, day 15, hour 24, value -1.0 
 ** WARNING ** EPW N17_direct_normal_illuminance < 0 lux [corrected]: month 8, day 16, hour 6, value -113.60665 
 ** WARNING ** EPW N22_total_sky_cover < 0 deca [corrected]: month 8, day 17, hour 2, value -1.0 
 ** WARNING ** EPW N23_opaque_sky_cover < 0 deca [corrected]: month 8, day 17, hour 2, value -1.0 
 ** WARNING ** EPW N17_direct_normal_illuminance < 0 lux [corrected]: month 8, day 17, hour 6, value -35.477715 
 ** WARNING ** EPW N17_direct_normal_illuminance < 0 lux [corrected]: month 8, day 18, hour 6, value -124.406 
 ** WARNING ** EPW N22_total_sky_cover < 0 deca [corrected]: month 8, day 18, hour 8, value -1.0 
 ** WARNING ** EPW N23_opaque_sky_cover < 0 deca [corrected]: month 8, day 18, hour 8, value -1.0 
 ** WARNING ** EPW N22_total_sky_cover < 0 deca [corrected]: month 8, day 18, hour 9, value -1.0 
 ** WARNING ** EPW N23_opaque_sky_cover < 0 deca [corrected]: month 8, day 18, hour 9, value -1.0 
 ** WARNING ** EPW N22_total_sky_cover < 0 deca [corrected]: month 8, day 18, hour 10, value -1.0 
 ** WARNING ** EPW N23_opaque_sky_cover < 0 deca [corrected]: month 8, day 18, hour 10, value -1.0 
 ** WARNING ** EPW N22_total_sky_cover < 0 deca [corrected]: month 8, day 18, hour 11, value -1.0 
 ** WARNING ** EPW N23_opaque_sky_cover < 0 deca [corrected]: month 8, day 18, hour 11, value -1.0 
 ** WARNING ** EPW N22_total_sky_cover < 0 deca [corrected]: month 8, day 18, hour 12, value -1.0 
 ** WARNING ** EPW N23_opaque_sky_cover < 0 deca [corrected]: month 8, day 18, hour 12, value -1.0 
 ** WARNING ** EPW N22_total_sky_cover < 0 deca [corrected]: month 8, day 18, hour 13, value -1.0 
 ** WARNING ** EPW N23_opaque_sky_cover < 0 deca [corrected]: month 8, day 18, hour 13, value -1.0 
 ** WARNING ** EPW N22_total_sky_cover < 0 deca [corrected]: month 8, day 18, hour 14, value -1.0 
 ** WARNING ** EPW N23_opaque_sky_cover < 0 deca [corrected]: month 8, day 18, hour 14, value -1.0 
 ** WARNING ** EPW N22_total_sky_cover < 0 deca [corrected]: month 8, day 18, hour 15, value -1.0 
 ** WARNING ** EPW N23_opaque_sky_cover < 0 deca [corrected]: month 8, day 18, hour 15, value -1.0 
 ** WARNING ** EPW N22_total_sky_cover < 0 deca [corrected]: month 8, day 18, hour 16, value -1.0 
 ** WARNING ** EPW N23_opaque_sky_cover < 0 deca [corrected]: month 8, day 18, hour 16, value -1.0 
 ** WARNING ** EPW N22_total_sky_cover < 0 deca [corrected]: month 8, day 18, hour 21, value -1.0 
 ** WARNING ** EPW N23_opaque_sky_cover < 0 deca [corrected]: month 8, day 18, hour 21, value -1.0 
 ** WARNING ** EPW N22_total_sky_cover < 0 deca [corrected]: month 8, day 18, hour 22, value -1.0 
 ** WARNING ** EPW N23_opaque_sky_cover < 0 deca [corrected]: month 8, day 18, hour 22, value -1.0 
 ** WARNING ** EPW N22_total_sky_cover < 0 deca [corrected]: month 8, day 18, hour 23, value -1.0 
 ** WARNING ** EPW N23_opaque_sky_cover < 0 deca [corrected]: month 8, day 18, hour 23, value -1.0 
 ** WARNING ** EPW N22_total_sky_cover < 0 deca [corrected]: month 8, day 18, hour 24, value -1.0 
 ** WARNING ** EPW N23_opaque_sky_cover < 0 deca [corrected]: month 8, day 18, hour 24, value -1.0 
 ** WARNING ** EPW N22_total_sky_cover < 0 deca [corrected]: month 8, day 19, hour 1, value -1.0 
 ** WARNING ** EPW N23_opaque_sky_cover < 0 deca [corrected]: month 8, day 19, hour 1, value -1.0 
 ** WARNING ** EPW N22_total_sky_cover < 0 deca [corrected]: month 8, day 19, hour 2, value -1.0 
 ** WARNING ** EPW N23_opaque_sky_cover < 0 deca [corrected]: month 8, day 19, hour 2, value -1.0 
 ** WARNING ** EPW N22_total_sky_cover < 0 deca [corrected]: month 8, day 19, hour 3, value -1.0 
 ** WARNING ** EPW N23_opaque_sky_cover < 0 deca [corrected]: month 8, day 19, hour 3, value -1.0 
 ** WARNING ** EPW N22_total_sky_cover < 0 deca [corrected]: month 8, day 19, hour 4, value -1.0 
 ** WARNING ** EPW N23_opaque_sky_cover < 0 deca [corrected]: month 8, day 19, hour 4, value -1.0 
 ** WARNING ** EPW N22_total_sky_cover < 0 deca [corrected]: month 8, day 19, hour 5, value -1.0 
 ** WARNING ** EPW N23_opaque_sky_cover < 0 deca [corrected]: month 8, day 19, hour 5, value -1.0 
 ** WARNING ** EPW N17_direct_normal_illuminance < 0 lux [corrected]: month 8, day 19, hour 6, value -139.34499 
 ** WARNING ** EPW N22_total_sky_cover < 0 deca [corrected]: month 8, day 19, hour 6, value -1.0 
 ** WARNING ** EPW N23_opaque_sky_cover < 0 deca [corrected]: month 8, day 19, hour 6, value -1.0 
 ** WARNING ** EPW N22_total_sky_cover < 0 deca [corrected]: month 8, day 19, hour 7, value -1.0 
 ** WARNING ** EPW N23_opaque_sky_cover < 0 deca [corrected]: month 8, day 19, hour 7, value -1.0 
 ** WARNING ** EPW N22_total_sky_cover < 0 deca [corrected]: month 8, day 19, hour 8, value -1.0 
 ** WARNING ** EPW N23_opaque_sky_cover < 0 deca [corrected]: month 8, day 19, hour 8, value -1.0 
 ** WARNING ** EPW N22_total_sky_cover < 0 deca [corrected]: month 8, day 19, hour 9, value -1.0 
 ** WARNING ** EPW N23_opaque_sky_cover < 0 deca [corrected]: month 8, day 19, hour 9, value -1.0 
 ** WARNING ** EPW N22_total_sky_cover < 0 deca [corrected]: month 8, day 19, hour 22, value -1.0 
 ** WARNING ** EPW N23_opaque_sky_cover < 0 deca [corrected]: month 8, day 19, hour 22, value -1.0 
 ** WARNING ** EPW N22_total_sky_cover < 0 deca [corrected]: month 8, day 19, hour 23, value -1.0 
 ** WARNING ** EPW N23_opaque_sky_cover < 0 deca [corrected]: month 8, day 19, hour 23, value -1.0 
 ** WARNING ** EPW N17_direct_normal_illuminance < 0 lux [corrected]: month 8, day 20, hour 6, value -25.966484 
 ** WARNING ** EPW N17_direct_normal_illuminance < 0 lux [corrected]: month 8, day 20, hour 19, value -40.58758 
 ** WARNING ** EPW N22_total_sky_cover < 0 deca [corrected]: month 8, day 21, hour 4, value -1.0 
 ** WARNING ** EPW N23_opaque_sky_cover < 0 deca [corrected]: month 8, day 21, hour 4, value -1.0 
 ** WARNING ** EPW N17_direct_normal_illuminance < 0 lux [corrected]: month 8, day 21, hour 6, value -136.04953 
 ** WARNING ** EPW N17_direct_normal_illuminance < 0 lux [corrected]: month 8, day 22, hour 6, value -145.96178 
 ** WARNING ** EPW N17_direct_normal_illuminance < 0 lux [corrected]: month 8, day 22, hour 19, value -33.473923 
 ** WARNING ** EPW N17_direct_normal_illuminance < 0 lux [corrected]: month 8, day 23, hour 6, value -5.398186 
 ** WARNING ** EPW N17_direct_normal_illuminance < 0 lux [corrected]: month 8, day 24, hour 6, value -21.403421 
 ** WARNING ** EPW N17_direct_normal_illuminance < 0 lux [corrected]: month 8, day 24, hour 19, value -35.751045 
 ** WARNING ** EPW N17_direct_normal_illuminance < 0 lux [corrected]: month 8, day 25, hour 6, value -22.581362 
 ** WARNING ** EPW N17_direct_normal_illuminance < 0 lux [corrected]: month 8, day 25, hour 19, value -30.41748 
 ** WARNING ** EPW N17_direct_normal_illuminance < 0 lux [corrected]: month 8, day 26, hour 6, value -99.034004 
 ** WARNING ** EPW N17_direct_normal_illuminance < 0 lux [corrected]: month 8, day 26, hour 19, value -24.61939 
 ** WARNING ** EPW N17_direct_normal_illuminance < 0 lux [corrected]: month 8, day 27, hour 6, value -74.486 
 ** WARNING ** EPW N17_direct_normal_illuminance < 0 lux [corrected]: month 8, day 27, hour 19, value -27.061428 
 ** WARNING ** EPW N17_direct_normal_illuminance < 0 lux [corrected]: month 8, day 28, hour 6, value -74.6309 
 ** WARNING ** EPW N17_direct_normal_illuminance < 0 lux [corrected]: month 8, day 28, hour 19, value -149.36705 
 ** WARNING ** EPW N17_direct_normal_illuminance < 0 lux [corrected]: month 8, day 29, hour 6, value -2.9189925 
 ** WARNING ** EPW N17_direct_normal_illuminance < 0 lux [corrected]: month 8, day 29, hour 19, value -15.965252 
 ** WARNING ** EPW N17_direct_normal_illuminance < 0 lux [corrected]: month 8, day 30, hour 6, value -65.18435 
 ** WARNING ** EPW N17_direct_normal_illuminance < 0 lux [corrected]: month 8, day 30, hour 19, value -10.516245 
 ** WARNING ** EPW N17_direct_normal_illuminance < 0 lux [corrected]: month 8, day 31, hour 6, value -8.909909 
 ** WARNING ** EPW N17_direct_normal_illuminance < 0 lux [corrected]: month 8, day 31, hour 19, value -10.4674425 
 ** WARNING ** EPW N17_direct_normal_illuminance < 0 lux [corrected]: month 9, day 1, hour 6, value -32.274826 
 ** WARNING ** EPW N17_direct_normal_illuminance < 0 lux [corrected]: month 9, day 1, hour 19, value -7.4763994 
 ** WARNING ** EPW N17_direct_normal_illuminance < 0 lux [corrected]: month 9, day 2, hour 6, value -6.3178287 
 ** WARNING ** EPW N17_direct_normal_illuminance < 0 lux [corrected]: month 9, day 2, hour 18, value -1.0334548 
 ** WARNING ** EPW N17_direct_normal_illuminance < 0 lux [corrected]: month 9, day 2, hour 19, value -0.74744236 
 ** WARNING ** EPW N17_direct_normal_illuminance < 0 lux [corrected]: month 9, day 3, hour 6, value -1.1640179 
 ** WARNING ** EPW N17_direct_normal_illuminance < 0 lux [corrected]: month 9, day 3, hour 19, value -44.239143 
 ** WARNING ** EPW N17_direct_normal_illuminance < 0 lux [corrected]: month 9, day 4, hour 6, value -5.049045 
 ** WARNING ** EPW N17_direct_normal_illuminance < 0 lux [corrected]: month 9, day 4, hour 19, value -26.468283 
 ** WARNING ** EPW N17_direct_normal_illuminance < 0 lux [corrected]: month 9, day 5, hour 6, value -3.1259835 
 ** WARNING ** EPW N17_direct_normal_illuminance < 0 lux [corrected]: month 9, day 5, hour 19, value -18.60923 
 ** WARNING ** EPW N17_direct_normal_illuminance < 0 lux [corrected]: month 9, day 6, hour 6, value -10.875342 
 ** WARNING ** EPW N17_direct_normal_illuminance < 0 lux [corrected]: month 9, day 6, hour 19, value -11.950069 
 ** WARNING ** EPW N17_direct_normal_illuminance < 0 lux [corrected]: month 9, day 7, hour 6, value -2.7129695 
 ** WARNING ** EPW N17_direct_normal_illuminance < 0 lux [corrected]: month 9, day 7, hour 19, value -1.3127565 
 ** WARNING ** EPW N17_direct_normal_illuminance < 0 lux [corrected]: month 9, day 8, hour 6, value -1.2393354 
 ** WARNING ** EPW N17_direct_normal_illuminance < 0 lux [corrected]: month 9, day 8, hour 18, value -4.518348 
 ** WARNING ** EPW N17_direct_normal_illuminance < 0 lux [corrected]: month 9, day 8, hour 19, value -0.28430814 
 ** WARNING ** EPW N17_direct_normal_illuminance < 0 lux [corrected]: month 9, day 9, hour 6, value -1.2218804 
 ** WARNING ** EPW N17_direct_normal_illuminance < 0 lux [corrected]: month 9, day 9, hour 19, value -0.6739429 
 ** WARNING ** EPW N17_direct_normal_illuminance < 0 lux [corrected]: month 9, day 10, hour 6, value -0.95359117 
 ** WARNING ** EPW N17_direct_normal_illuminance < 0 lux [corrected]: month 9, day 10, hour 18, value -20.787506 
 ** WARNING ** EPW N17_direct_normal_illuminance < 0 lux [corrected]: month 9, day 10, hour 19, value -0.03090204 
 ** WARNING ** EPW N17_direct_normal_illuminance < 0 lux [corrected]: month 9, day 11, hour 6, value -0.3896221 
 ** WARNING ** EPW N17_direct_normal_illuminance < 0 lux [corrected]: month 9, day 11, hour 7, value -1.9518007 
 ** WARNING ** EPW N17_direct_normal_illuminance < 0 lux [corrected]: month 9, day 11, hour 18, value -30.811453 
 ** WARNING ** EPW N17_direct_normal_illuminance < 0 lux [corrected]: month 9, day 11, hour 19, value -0.0014343532 
 ** WARNING ** EPW N17_direct_normal_illuminance < 0 lux [corrected]: month 9, day 12, hour 6, value -0.28271458 
 ** WARNING ** EPW N17_direct_normal_illuminance < 0 lux [corrected]: month 9, day 12, hour 7, value -2.7279286 
 ** WARNING ** EPW N17_direct_normal_illuminance < 0 lux [corrected]: month 9, day 12, hour 19, value -0.0027032204 
 ** WARNING ** EPW N17_direct_normal_illuminance < 0 lux [corrected]: month 9, day 13, hour 6, value -1.5361092 
 ** WARNING ** EPW N17_direct_normal_illuminance < 0 lux [corrected]: month 9, day 13, hour 19, value -0.0010615414 
 ** WARNING ** EPW N17_direct_normal_illuminance < 0 lux [corrected]: month 9, day 14, hour 6, value -0.45972207 
 ** WARNING ** EPW N17_direct_normal_illuminance < 0 lux [corrected]: month 9, day 15, hour 6, value -0.44105667 
 ** WARNING ** EPW N17_direct_normal_illuminance < 0 lux [corrected]: month 9, day 16, hour 6, value -0.083619185 
 ** WARNING ** EPW N17_direct_normal_illuminance < 0 lux [corrected]: month 9, day 17, hour 6, value -0.043407824 
 ** WARNING ** EPW N17_direct_normal_illuminance < 0 lux [corrected]: month 9, day 18, hour 6, value -0.03445964 
 ** WARNING ** EPW N17_direct_normal_illuminance < 0 lux [corrected]: month 9, day 18, hour 18, value -50.461327 
 ** WARNING ** EPW N17_direct_normal_illuminance < 0 lux [corrected]: month 9, day 19, hour 6, value -0.0016921334 
 ** WARNING ** EPW N17_direct_normal_illuminance < 0 lux [corrected]: month 9, day 19, hour 7, value -20.45837 
 ** WARNING ** EPW N17_direct_normal_illuminance < 0 lux [corrected]: month 9, day 19, hour 18, value -7.739726 
 ** WARNING ** EPW N17_direct_normal_illuminance < 0 lux [corrected]: month 9, day 20, hour 6, value -9.932455E-4 
 ** WARNING ** EPW N17_direct_normal_illuminance < 0 lux [corrected]: month 9, day 20, hour 7, value -50.186825 
 ** WARNING ** EPW N17_direct_normal_illuminance < 0 lux [corrected]: month 9, day 20, hour 18, value -46.64499 
 ** WARNING ** EPW N17_direct_normal_illuminance < 0 lux [corrected]: month 9, day 21, hour 7, value -24.9256 
 ** WARNING ** EPW N17_direct_normal_illuminance < 0 lux [corrected]: month 9, day 22, hour 7, value -26.607672 
 ** WARNING ** EPW N17_direct_normal_illuminance < 0 lux [corrected]: month 9, day 22, hour 18, value -33.167816 
 ** WARNING ** EPW N17_direct_normal_illuminance < 0 lux [corrected]: month 9, day 23, hour 7, value -25.32349 
 ** WARNING ** EPW N17_direct_normal_illuminance < 0 lux [corrected]: month 9, day 23, hour 18, value -30.547495 
 ** WARNING ** EPW N17_direct_normal_illuminance < 0 lux [corrected]: month 9, day 24, hour 7, value -4.9149985 
 ** WARNING ** EPW N17_direct_normal_illuminance < 0 lux [corrected]: month 9, day 24, hour 18, value -25.831224 
 ** WARNING ** EPW N17_direct_normal_illuminance < 0 lux [corrected]: month 9, day 25, hour 7, value -30.309202 
 ** WARNING ** EPW N17_direct_normal_illuminance < 0 lux [corrected]: month 9, day 25, hour 18, value -200.97964 
 ** WARNING ** EPW N17_direct_normal_illuminance < 0 lux [corrected]: month 9, day 26, hour 7, value -26.191689 
 ** WARNING ** EPW N17_direct_normal_illuminance < 0 lux [corrected]: month 9, day 26, hour 18, value -1.9266919 
 ** WARNING ** EPW N17_direct_normal_illuminance < 0 lux [corrected]: month 9, day 27, hour 7, value -184.38531 
 ** WARNING ** EPW N17_direct_normal_illuminance < 0 lux [corrected]: month 9, day 27, hour 18, value -109.13781 
 ** WARNING ** EPW N17_direct_normal_illuminance < 0 lux [corrected]: month 9, day 28, hour 7, value -32.668205 
 ** WARNING ** EPW N17_direct_normal_illuminance < 0 lux [corrected]: month 9, day 28, hour 17, value -0.17828177 
 ** WARNING ** EPW N17_direct_normal_illuminance < 0 lux [corrected]: month 9, day 28, hour 18, value -1.6100357 
 ** WARNING ** EPW N17_direct_normal_illuminance < 0 lux [corrected]: month 9, day 29, hour 7, value -6.3401213 
 ** WARNING ** EPW N17_direct_normal_illuminance < 0 lux [corrected]: month 9, day 29, hour 17, value -2.5812752 
 ** WARNING ** EPW N17_direct_normal_illuminance < 0 lux [corrected]: month 9, day 29, hour 18, value -0.61709535 
 ** WARNING ** EPW N17_direct_normal_illuminance < 0 lux [corrected]: month 9, day 30, hour 7, value -38.97596 
 ** WARNING ** EPW N17_direct_normal_illuminance < 0 lux [corrected]: month 9, day 30, hour 17, value -1.7970763 
 ** WARNING ** EPW N17_direct_normal_illuminance < 0 lux [corrected]: month 9, day 30, hour 18, value -0.4842643 
 ** WARNING ** EPW N17_direct_normal_illuminance < 0 lux [corrected]: month 10, day 1, hour 7, value -186.84904 
 ** WARNING ** EPW N17_direct_normal_illuminance < 0 lux [corrected]: month 10, day 1, hour 18, value -63.83499 
 ** WARNING ** EPW N17_direct_normal_illuminance < 0 lux [corrected]: month 10, day 2, hour 7, value -200.9538 
 ** WARNING ** EPW N17_direct_normal_illuminance < 0 lux [corrected]: month 10, day 2, hour 18, value -3.3776476 
 ** WARNING ** EPW N17_direct_normal_illuminance < 0 lux [corrected]: month 10, day 3, hour 7, value -27.442642 
 ** WARNING ** EPW N17_direct_normal_illuminance < 0 lux [corrected]: month 10, day 3, hour 18, value -1.168239 
 ** WARNING ** EPW N17_direct_normal_illuminance < 0 lux [corrected]: month 10, day 4, hour 7, value -4.3710136 
 ** WARNING ** EPW N17_direct_normal_illuminance < 0 lux [corrected]: month 10, day 4, hour 17, value -7.1381755 
 ** WARNING ** EPW N17_direct_normal_illuminance < 0 lux [corrected]: month 10, day 4, hour 18, value -2.2420473 
 ** WARNING ** EPW N17_direct_normal_illuminance < 0 lux [corrected]: month 10, day 5, hour 7, value -24.525646 
 ** WARNING ** EPW N17_direct_normal_illuminance < 0 lux [corrected]: month 10, day 5, hour 17, value -6.0325813 
 ** WARNING ** EPW N17_direct_normal_illuminance < 0 lux [corrected]: month 10, day 5, hour 18, value -0.030470865 
 ** WARNING ** EPW N17_direct_normal_illuminance < 0 lux [corrected]: month 10, day 6, hour 7, value -18.08896 
 ** WARNING ** EPW N17_direct_normal_illuminance < 0 lux [corrected]: month 10, day 6, hour 18, value -2.0138097 
 ** WARNING ** EPW N17_direct_normal_illuminance < 0 lux [corrected]: month 10, day 7, hour 7, value -2.4483943 
 ** WARNING ** EPW N17_direct_normal_illuminance < 0 lux [corrected]: month 10, day 7, hour 17, value -7.0231338 
 ** WARNING ** EPW N17_direct_normal_illuminance < 0 lux [corrected]: month 10, day 7, hour 18, value -0.0044894163 
 ** WARNING ** EPW N17_direct_normal_illuminance < 0 lux [corrected]: month 10, day 8, hour 7, value -108.82075 
 ** WARNING ** EPW N17_direct_normal_illuminance < 0 lux [corrected]: month 10, day 8, hour 18, value -0.060614903 
 ** WARNING ** EPW N17_direct_normal_illuminance < 0 lux [corrected]: month 10, day 9, hour 7, value -14.146277 
 ** WARNING ** EPW N17_direct_normal_illuminance < 0 lux [corrected]: month 10, day 9, hour 17, value -7.2132463 
 ** WARNING ** EPW N17_direct_normal_illuminance < 0 lux [corrected]: month 10, day 9, hour 18, value -5.471075E-4 
 ** WARNING ** EPW N17_direct_normal_illuminance < 0 lux [corrected]: month 10, day 10, hour 7, value -2.0969324 
 ** WARNING ** EPW N17_direct_normal_illuminance < 0 lux [corrected]: month 10, day 10, hour 8, value -0.37053704 
 ** WARNING ** EPW N17_direct_normal_illuminance < 0 lux [corrected]: month 10, day 10, hour 17, value -6.937509 
 ** WARNING ** EPW N17_direct_normal_illuminance < 0 lux [corrected]: month 10, day 11, hour 7, value -52.019028 
 ** WARNING ** EPW N17_direct_normal_illuminance < 0 lux [corrected]: month 10, day 12, hour 7, value -55.299152 
 ** WARNING ** EPW N17_direct_normal_illuminance < 0 lux [corrected]: month 10, day 13, hour 7, value -16.472832 
 ** WARNING ** EPW N17_direct_normal_illuminance < 0 lux [corrected]: month 10, day 13, hour 17, value -152.89937 
 ** WARNING ** EPW N17_direct_normal_illuminance < 0 lux [corrected]: month 10, day 14, hour 7, value -35.734436 
 ** WARNING ** EPW N17_direct_normal_illuminance < 0 lux [corrected]: month 10, day 14, hour 17, value -8.900304 
 ** WARNING ** EPW N17_direct_normal_illuminance < 0 lux [corrected]: month 10, day 15, hour 7, value -9.868492 
 ** WARNING ** EPW N17_direct_normal_illuminance < 0 lux [corrected]: month 10, day 15, hour 17, value -8.866571 
 ** WARNING ** EPW N17_direct_normal_illuminance < 0 lux [corrected]: month 10, day 16, hour 7, value -9.311224 
 ** WARNING ** EPW N17_direct_normal_illuminance < 0 lux [corrected]: month 10, day 16, hour 17, value -10.634259 
 ** WARNING ** EPW N17_direct_normal_illuminance < 0 lux [corrected]: month 10, day 17, hour 7, value -11.696518 
 ** WARNING ** EPW N17_direct_normal_illuminance < 0 lux [corrected]: month 10, day 18, hour 7, value -6.0755424 
 ** WARNING ** EPW N17_direct_normal_illuminance < 0 lux [corrected]: month 10, day 18, hour 17, value -58.67688 
 ** WARNING ** EPW N17_direct_normal_illuminance < 0 lux [corrected]: month 10, day 19, hour 7, value -5.608325 
 ** WARNING ** EPW N17_direct_normal_illuminance < 0 lux [corrected]: month 10, day 19, hour 17, value -54.27583 
 ** WARNING ** EPW N17_direct_normal_illuminance < 0 lux [corrected]: month 10, day 20, hour 7, value -0.5292778 
 ** WARNING ** EPW N17_direct_normal_illuminance < 0 lux [corrected]: month 10, day 20, hour 8, value -22.72678 
 ** WARNING ** EPW N17_direct_normal_illuminance < 0 lux [corrected]: month 10, day 20, hour 17, value -6.537236 
 ** WARNING ** EPW N17_direct_normal_illuminance < 0 lux [corrected]: month 10, day 21, hour 7, value -0.3678102 
 ** WARNING ** EPW N17_direct_normal_illuminance < 0 lux [corrected]: month 10, day 21, hour 8, value -26.87319 
 ** WARNING ** EPW N17_direct_normal_illuminance < 0 lux [corrected]: month 10, day 21, hour 17, value -106.264824 
 ** WARNING ** EPW N17_direct_normal_illuminance < 0 lux [corrected]: month 10, day 22, hour 7, value -0.23434491 
 ** WARNING ** EPW N17_direct_normal_illuminance < 0 lux [corrected]: month 10, day 23, hour 7, value -0.031742387 
 ** WARNING ** EPW N17_direct_normal_illuminance < 0 lux [corrected]: month 10, day 23, hour 8, value -29.720858 
 ** WARNING ** EPW N17_direct_normal_illuminance < 0 lux [corrected]: month 10, day 23, hour 17, value -3.393503 
 ** WARNING ** EPW N17_direct_normal_illuminance < 0 lux [corrected]: month 10, day 24, hour 7, value -0.07461524 
 ** WARNING ** EPW N17_direct_normal_illuminance < 0 lux [corrected]: month 10, day 25, hour 7, value -0.010333186 
 ** WARNING ** EPW N17_direct_normal_illuminance < 0 lux [corrected]: month 10, day 26, hour 8, value -7.543392 
 ** WARNING ** EPW N17_direct_normal_illuminance < 0 lux [corrected]: month 10, day 26, hour 16, value -1.5978128 
 ** WARNING ** EPW N17_direct_normal_illuminance < 0 lux [corrected]: month 10, day 26, hour 17, value -1.9296172 
 ** WARNING ** EPW N17_direct_normal_illuminance < 0 lux [corrected]: month 10, day 27, hour 8, value -9.450802 
 ** WARNING ** EPW N17_direct_normal_illuminance < 0 lux [corrected]: month 10, day 27, hour 16, value -3.5721457 
 ** WARNING ** EPW N17_direct_normal_illuminance < 0 lux [corrected]: month 10, day 27, hour 17, value -12.45053 
 ** WARNING ** EPW N17_direct_normal_illuminance < 0 lux [corrected]: month 10, day 28, hour 17, value -124.278244 
 ** WARNING ** EPW N17_direct_normal_illuminance < 0 lux [corrected]: month 10, day 29, hour 8, value -136.13063 
 ** WARNING ** EPW N17_direct_normal_illuminance < 0 lux [corrected]: month 10, day 29, hour 17, value -7.192403 
 ** WARNING ** EPW N17_direct_normal_illuminance < 0 lux [corrected]: month 10, day 30, hour 8, value -9.9152 
 ** WARNING ** EPW N17_direct_normal_illuminance < 0 lux [corrected]: month 10, day 30, hour 16, value -5.0871005 
 ** WARNING ** EPW N17_direct_normal_illuminance < 0 lux [corrected]: month 10, day 30, hour 17, value -0.5101355 
 ** WARNING ** EPW N17_direct_normal_illuminance < 0 lux [corrected]: month 10, day 31, hour 8, value -9.770953 
 ** WARNING ** EPW N17_direct_normal_illuminance < 0 lux [corrected]: month 10, day 31, hour 16, value -6.407138 
 ** WARNING ** EPW N17_direct_normal_illuminance < 0 lux [corrected]: month 10, day 31, hour 17, value -0.40282822 
 ** WARNING ** EPW N17_direct_normal_illuminance < 0 lux [corrected]: month 11, day 1, hour 8, value -59.22894 
 ** WARNING ** EPW N17_direct_normal_illuminance < 0 lux [corrected]: month 11, day 1, hour 16, value -12.886429 
 ** WARNING ** EPW N17_direct_normal_illuminance < 0 lux [corrected]: month 11, day 1, hour 17, value -1.4717627 
 ** WARNING ** EPW N17_direct_normal_illuminance < 0 lux [corrected]: month 11, day 2, hour 16, value -9.636457 
 ** WARNING ** EPW N17_direct_normal_illuminance < 0 lux [corrected]: month 11, day 2, hour 17, value -18.248325 
 ** WARNING ** EPW N17_direct_normal_illuminance < 0 lux [corrected]: month 11, day 3, hour 17, value -8.634992 
 ** WARNING ** EPW N8_relative_humidity > 110 % [corrected]: month 11, day 4, hour 7, value 110.02092 
 ** WARNING ** EPW N17_direct_normal_illuminance < 0 lux [corrected]: month 11, day 4, hour 17, value -8.599875 
 ** WARNING ** EPW N8_relative_humidity > 110 % [corrected]: month 11, day 5, hour 5, value 111.33989 
 ** WARNING ** EPW N17_direct_normal_illuminance < 0 lux [corrected]: month 11, day 5, hour 17, value -4.24486 
 ** WARNING ** EPW N8_relative_humidity > 110 % [corrected]: month 11, day 6, hour 3, value 112.13023 
 ** WARNING ** EPW N8_relative_humidity > 110 % [corrected]: month 11, day 6, hour 4, value 112.051094 
 ** WARNING ** EPW N8_relative_humidity > 110 % [corrected]: month 11, day 6, hour 5, value 116.71916 
 ** WARNING ** EPW N8_relative_humidity > 110 % [corrected]: month 11, day 6, hour 6, value 117.74983 
 ** WARNING ** EPW N8_relative_humidity > 110 % [corrected]: month 11, day 6, hour 7, value 118.452774 
 ** WARNING ** EPW N17_direct_normal_illuminance < 0 lux [corrected]: month 11, day 6, hour 17, value -0.042406444 
 ** WARNING ** EPW N8_relative_humidity > 110 % [corrected]: month 11, day 7, hour 6, value 112.03626 
 ** WARNING ** EPW N17_direct_normal_illuminance < 0 lux [corrected]: month 11, day 7, hour 8, value -50.24051 
 ** WARNING ** EPW N17_direct_normal_illuminance < 0 lux [corrected]: month 11, day 7, hour 16, value -75.203804 
 ** WARNING ** EPW N17_direct_normal_illuminance < 0 lux [corrected]: month 11, day 7, hour 17, value -0.018063555 
 ** WARNING ** EPW N17_direct_normal_illuminance < 0 lux [corrected]: month 11, day 8, hour 8, value -50.78975 
 ** WARNING ** EPW N17_direct_normal_illuminance < 0 lux [corrected]: month 11, day 8, hour 16, value -95.843445 
 ** WARNING ** EPW N17_direct_normal_illuminance < 0 lux [corrected]: month 11, day 8, hour 17, value -0.01502307 
 ** WARNING ** EPW N17_direct_normal_illuminance < 0 lux [corrected]: month 11, day 9, hour 8, value -53.43292 
 ** WARNING ** EPW N17_direct_normal_illuminance < 0 lux [corrected]: month 11, day 9, hour 16, value -99.63009 
 ** WARNING ** EPW N17_direct_normal_illuminance < 0 lux [corrected]: month 11, day 10, hour 8, value -17.169203 
 ** WARNING ** EPW N17_direct_normal_illuminance < 0 lux [corrected]: month 11, day 10, hour 16, value -13.057949 
 ** WARNING ** EPW N17_direct_normal_illuminance < 0 lux [corrected]: month 11, day 11, hour 8, value -32.85555 
 ** WARNING ** EPW N17_direct_normal_illuminance < 0 lux [corrected]: month 11, day 11, hour 9, value -2.4160154 
 ** WARNING ** EPW N17_direct_normal_illuminance < 0 lux [corrected]: month 11, day 11, hour 16, value -117.088264 
 ** WARNING ** EPW N17_direct_normal_illuminance < 0 lux [corrected]: month 11, day 12, hour 8, value -24.151976 
 ** WARNING ** EPW N17_direct_normal_illuminance < 0 lux [corrected]: month 11, day 12, hour 16, value -122.46999 
 ** WARNING ** EPW N17_direct_normal_illuminance < 0 lux [corrected]: month 11, day 13, hour 8, value -28.28022 
 ** WARNING ** EPW N17_direct_normal_illuminance < 0 lux [corrected]: month 11, day 13, hour 16, value -129.45341 
 ** WARNING ** EPW N17_direct_normal_illuminance < 0 lux [corrected]: month 11, day 14, hour 8, value -2.8543608 
 ** WARNING ** EPW N17_direct_normal_illuminance < 0 lux [corrected]: month 11, day 14, hour 9, value -4.349354 
 ** WARNING ** EPW N17_direct_normal_illuminance < 0 lux [corrected]: month 11, day 14, hour 16, value -137.12015 
 ** WARNING ** EPW N17_direct_normal_illuminance < 0 lux [corrected]: month 11, day 15, hour 8, value -18.770657 
 ** WARNING ** EPW N17_direct_normal_illuminance < 0 lux [corrected]: month 11, day 15, hour 16, value -128.24702 
 ** WARNING ** EPW N17_direct_normal_illuminance < 0 lux [corrected]: month 11, day 16, hour 8, value -28.86567 
 ** WARNING ** EPW N17_direct_normal_illuminance < 0 lux [corrected]: month 11, day 16, hour 16, value -15.235681 
 ** WARNING ** EPW N17_direct_normal_illuminance < 0 lux [corrected]: month 11, day 17, hour 8, value -7.3266015 
 ** WARNING ** EPW N17_direct_normal_illuminance < 0 lux [corrected]: month 11, day 18, hour 8, value -89.92403 
 ** WARNING ** EPW N17_direct_normal_illuminance < 0 lux [corrected]: month 11, day 19, hour 8, value -35.792797 
 ** WARNING ** EPW N8_relative_humidity > 110 % [corrected]: month 11, day 20, hour 4, value 113.269936 
 ** WARNING ** EPW N8_relative_humidity > 110 % [corrected]: month 11, day 20, hour 5, value 112.81132 
 ** WARNING ** EPW N8_relative_humidity > 110 % [corrected]: month 11, day 20, hour 6, value 113.72194 
 ** WARNING ** EPW N8_relative_humidity > 110 % [corrected]: month 11, day 20, hour 7, value 112.03626 
 ** WARNING ** EPW N8_relative_humidity > 110 % [corrected]: month 11, day 20, hour 8, value 112.88637 
 ** WARNING ** EPW N17_direct_normal_illuminance < 0 lux [corrected]: month 11, day 20, hour 8, value -36.638313 
 ** WARNING ** EPW N17_direct_normal_illuminance < 0 lux [corrected]: month 11, day 20, hour 16, value -175.19835 
 ** WARNING ** EPW N17_direct_normal_illuminance < 0 lux [corrected]: month 11, day 21, hour 8, value -2.9990034 
 ** WARNING ** EPW N17_direct_normal_illuminance < 0 lux [corrected]: month 11, day 21, hour 9, value -33.528976 
 ** WARNING ** EPW N17_direct_normal_illuminance < 0 lux [corrected]: month 11, day 21, hour 16, value -161.80312 
 ** WARNING ** EPW N17_direct_normal_illuminance < 0 lux [corrected]: month 11, day 22, hour 8, value -1.0464681 
 ** WARNING ** EPW N17_direct_normal_illuminance < 0 lux [corrected]: month 11, day 22, hour 9, value -57.71034 
 ** WARNING ** EPW N17_direct_normal_illuminance < 0 lux [corrected]: month 11, day 22, hour 16, value -148.23952 
 ** WARNING ** EPW N17_direct_normal_illuminance < 0 lux [corrected]: month 11, day 23, hour 8, value -1.0128158 
 ** WARNING ** EPW N17_direct_normal_illuminance < 0 lux [corrected]: month 11, day 23, hour 9, value -53.601658 
 ** WARNING ** EPW N17_direct_normal_illuminance < 0 lux [corrected]: month 11, day 23, hour 15, value -0.5899896 
 ** WARNING ** EPW N17_direct_normal_illuminance < 0 lux [corrected]: month 11, day 23, hour 16, value -158.98132 
 ** WARNING ** EPW N17_direct_normal_illuminance < 0 lux [corrected]: month 11, day 24, hour 8, value -0.22078662 
 ** WARNING ** EPW N17_direct_normal_illuminance < 0 lux [corrected]: month 11, day 24, hour 9, value -71.37948 
 ** WARNING ** EPW N17_direct_normal_illuminance < 0 lux [corrected]: month 11, day 24, hour 16, value -14.587621 
 ** WARNING ** EPW N17_direct_normal_illuminance < 0 lux [corrected]: month 11, day 25, hour 8, value -0.13405369 
 ** WARNING ** EPW N17_direct_normal_illuminance < 0 lux [corrected]: month 11, day 25, hour 9, value -79.109406 
 ** WARNING ** EPW N17_direct_normal_illuminance < 0 lux [corrected]: month 11, day 25, hour 16, value -151.33983 
 ** WARNING ** EPW N17_direct_normal_illuminance < 0 lux [corrected]: month 11, day 26, hour 8, value -0.018648922 
 ** WARNING ** EPW N17_direct_normal_illuminance < 0 lux [corrected]: month 11, day 26, hour 9, value -10.86685 
 ** WARNING ** EPW N17_direct_normal_illuminance < 0 lux [corrected]: month 11, day 27, hour 8, value -0.0079021 
 ** WARNING ** EPW N17_direct_normal_illuminance < 0 lux [corrected]: month 11, day 27, hour 9, value -88.11513 
 ** WARNING ** EPW N17_direct_normal_illuminance < 0 lux [corrected]: month 11, day 28, hour 8, value -0.0050607 
 ** WARNING ** EPW N17_direct_normal_illuminance < 0 lux [corrected]: month 11, day 28, hour 9, value -89.468254 
 ** WARNING ** EPW N17_direct_normal_illuminance < 0 lux [corrected]: month 11, day 28, hour 16, value -105.26411 
 ** WARNING ** EPW N17_direct_normal_illuminance < 0 lux [corrected]: month 11, day 29, hour 9, value -91.623405 
 ** WARNING ** EPW N17_direct_normal_illuminance < 0 lux [corrected]: month 11, day 29, hour 16, value -102.56306 
 ** WARNING ** EPW N17_direct_normal_illuminance < 0 lux [corrected]: month 11, day 30, hour 9, value -11.043055 
 ** WARNING ** EPW N17_direct_normal_illuminance < 0 lux [corrected]: month 11, day 30, hour 16, value -100.96567 
 ** WARNING ** EPW N17_direct_normal_illuminance < 0 lux [corrected]: month 12, day 1, hour 8, value -0.0026949944 
 ** WARNING ** EPW N8_relative_humidity > 110 % [corrected]: month 12, day 2, hour 6, value 112.39546 
 ** WARNING ** EPW N8_relative_humidity > 110 % [corrected]: month 12, day 2, hour 7, value 111.590454 
 ** WARNING ** EPW N17_direct_normal_illuminance < 0 lux [corrected]: month 12, day 2, hour 8, value -0.0012068937 
 ** WARNING ** EPW N17_direct_normal_illuminance < 0 lux [corrected]: month 12, day 2, hour 9, value -109.852615 
 ** WARNING ** EPW N8_relative_humidity > 110 % [corrected]: month 12, day 2, hour 23, value 111.86403 
 ** WARNING ** EPW N8_relative_humidity > 110 % [corrected]: month 12, day 2, hour 24, value 112.765205 
 ** WARNING ** EPW N8_relative_humidity > 110 % [corrected]: month 12, day 3, hour 1, value 113.63201 
 ** WARNING ** EPW N8_relative_humidity > 110 % [corrected]: month 12, day 3, hour 2, value 110.337 
 ** WARNING ** EPW N8_relative_humidity > 110 % [corrected]: month 12, day 3, hour 3, value 114.30621 
 ** WARNING ** EPW N8_relative_humidity > 110 % [corrected]: month 12, day 3, hour 4, value 112.916306 
 ** WARNING ** EPW N8_relative_humidity > 110 % [corrected]: month 12, day 3, hour 5, value 115.31668 
 ** WARNING ** EPW N8_relative_humidity > 110 % [corrected]: month 12, day 3, hour 6, value 118.27868 
 ** WARNING ** EPW N8_relative_humidity > 110 % [corrected]: month 12, day 3, hour 7, value 117.144356 
 ** WARNING ** EPW N8_relative_humidity > 110 % [corrected]: month 12, day 3, hour 8, value 115.32591 
 ** WARNING ** EPW N17_direct_normal_illuminance < 0 lux [corrected]: month 12, day 3, hour 8, value -6.8340625E-4 
 ** WARNING ** EPW N8_relative_humidity > 110 % [corrected]: month 12, day 3, hour 9, value 113.548195 
 ** WARNING ** EPW N17_direct_normal_illuminance < 0 lux [corrected]: month 12, day 3, hour 9, value -108.17669 
 ** WARNING ** EPW N8_relative_humidity > 110 % [corrected]: month 12, day 3, hour 22, value 112.76298 
 ** WARNING ** EPW N8_relative_humidity > 110 % [corrected]: month 12, day 3, hour 23, value 113.42938 
 ** WARNING ** EPW N8_relative_humidity > 110 % [corrected]: month 12, day 3, hour 24, value 115.097786 
 ** WARNING ** EPW N8_relative_humidity > 110 % [corrected]: month 12, day 4, hour 1, value 117.280365 
 ** WARNING ** EPW N8_relative_humidity > 110 % [corrected]: month 12, day 4, hour 2, value 117.6747 
 ** WARNING ** EPW N8_relative_humidity > 110 % [corrected]: month 12, day 4, hour 3, value 118.488144 
 ** WARNING ** EPW N8_relative_humidity > 110 % [corrected]: month 12, day 4, hour 4, value 118.488144 
 ** WARNING ** EPW N8_relative_humidity > 110 % [corrected]: month 12, day 4, hour 5, value 116.119675 
 ** WARNING ** EPW N8_relative_humidity > 110 % [corrected]: month 12, day 4, hour 6, value 118.90043 
 ** WARNING ** EPW N8_relative_humidity > 110 % [corrected]: month 12, day 4, hour 7, value 118.071915 
 ** WARNING ** EPW N8_relative_humidity > 110 % [corrected]: month 12, day 4, hour 8, value 118.90043 
 ** WARNING ** EPW N8_relative_humidity > 110 % [corrected]: month 12, day 4, hour 9, value 113.39806 
 ** WARNING ** EPW N8_relative_humidity > 110 % [corrected]: month 12, day 5, hour 4, value 111.00898 
 ** WARNING ** EPW N8_relative_humidity > 110 % [corrected]: month 12, day 5, hour 5, value 111.21695 
 ** WARNING ** EPW N8_relative_humidity > 110 % [corrected]: month 12, day 5, hour 6, value 111.597275 
 ** WARNING ** EPW N8_relative_humidity > 110 % [corrected]: month 12, day 5, hour 7, value 110.76839 
 ** WARNING ** EPW N8_relative_humidity > 110 % [corrected]: month 12, day 5, hour 8, value 111.527405 
 ** WARNING ** EPW N17_direct_normal_illuminance < 0 lux [corrected]: month 12, day 5, hour 15, value -4.7228146 
 ** WARNING ** EPW N17_direct_normal_illuminance < 0 lux [corrected]: month 12, day 5, hour 16, value -33.157352 
 ** WARNING ** EPW N17_direct_normal_illuminance < 0 lux [corrected]: month 12, day 6, hour 9, value -36.117275 
 ** WARNING ** EPW N8_relative_humidity > 110 % [corrected]: month 12, day 6, hour 24, value 112.82906 
 ** WARNING ** EPW N8_relative_humidity > 110 % [corrected]: month 12, day 7, hour 1, value 113.06195 
 ** WARNING ** EPW N8_relative_humidity > 110 % [corrected]: month 12, day 7, hour 2, value 115.93882 
 ** WARNING ** EPW N8_relative_humidity > 110 % [corrected]: month 12, day 7, hour 3, value 115.89455 
 ** WARNING ** EPW N8_relative_humidity > 110 % [corrected]: month 12, day 7, hour 4, value 116.66044 
 ** WARNING ** EPW N8_relative_humidity > 110 % [corrected]: month 12, day 7, hour 5, value 118.235085 
 ** WARNING ** EPW N8_relative_humidity > 110 % [corrected]: month 12, day 7, hour 6, value 119.11184 
 ** WARNING ** EPW N8_relative_humidity > 110 % [corrected]: month 12, day 7, hour 7, value 119.52993 
 ** WARNING ** EPW N8_relative_humidity > 110 % [corrected]: month 12, day 7, hour 8, value 120.80739 
 ** WARNING ** EPW N8_relative_humidity > 110 % [corrected]: month 12, day 7, hour 9, value 117.876526 
 ** WARNING ** EPW N17_direct_normal_illuminance < 0 lux [corrected]: month 12, day 7, hour 16, value -103.59561 
 ** WARNING ** EPW N17_direct_normal_illuminance < 0 lux [corrected]: month 12, day 8, hour 9, value -8.516818 
 ** WARNING ** EPW N17_direct_normal_illuminance < 0 lux [corrected]: month 12, day 8, hour 10, value -0.47257847 
 ** WARNING ** EPW N17_direct_normal_illuminance < 0 lux [corrected]: month 12, day 8, hour 15, value -6.4614086 
 ** WARNING ** EPW N17_direct_normal_illuminance < 0 lux [corrected]: month 12, day 8, hour 16, value -2.6437066 
 ** WARNING ** EPW N17_direct_normal_illuminance < 0 lux [corrected]: month 12, day 9, hour 9, value -164.51239 
 ** WARNING ** EPW N17_direct_normal_illuminance < 0 lux [corrected]: month 12, day 9, hour 15, value -6.2686734 
 ** WARNING ** EPW N17_direct_normal_illuminance < 0 lux [corrected]: month 12, day 9, hour 16, value -2.6820993 
 ** WARNING ** EPW N17_direct_normal_illuminance < 0 lux [corrected]: month 12, day 10, hour 9, value -39.60552 
 ** WARNING ** EPW N17_direct_normal_illuminance < 0 lux [corrected]: month 12, day 10, hour 15, value -0.01901671 
 ** WARNING ** EPW N17_direct_normal_illuminance < 0 lux [corrected]: month 12, day 10, hour 16, value -25.922411 
 ** WARNING ** EPW N8_relative_humidity > 110 % [corrected]: month 12, day 11, hour 2, value 117.18919 
 ** WARNING ** EPW N8_relative_humidity > 110 % [corrected]: month 12, day 11, hour 3, value 114.81823 
 ** WARNING ** EPW N8_relative_humidity > 110 % [corrected]: month 12, day 11, hour 4, value 113.2722 
 ** WARNING ** EPW N8_relative_humidity > 110 % [corrected]: month 12, day 11, hour 5, value 117.180756 
 ** WARNING ** EPW N8_relative_humidity > 110 % [corrected]: month 12, day 11, hour 6, value 118.804596 
 ** WARNING ** EPW N8_relative_humidity > 110 % [corrected]: month 12, day 11, hour 7, value 117.58239 
 ** WARNING ** EPW N8_relative_humidity > 110 % [corrected]: month 12, day 11, hour 8, value 117.58239 
 ** WARNING ** EPW N8_relative_humidity > 110 % [corrected]: month 12, day 11, hour 9, value 117.62526 
 ** WARNING ** EPW N17_direct_normal_illuminance < 0 lux [corrected]: month 12, day 11, hour 9, value -42.02384 
 ** WARNING ** EPW N17_direct_normal_illuminance < 0 lux [corrected]: month 12, day 11, hour 16, value -26.83148 
 ** WARNING ** EPW N17_direct_normal_illuminance < 0 lux [corrected]: month 12, day 12, hour 9, value -8.151743 
 ** WARNING ** EPW N17_direct_normal_illuminance < 0 lux [corrected]: month 12, day 12, hour 10, value -0.4710222 
 ** WARNING ** EPW N17_direct_normal_illuminance < 0 lux [corrected]: month 12, day 12, hour 15, value -5.9294925 
 ** WARNING ** EPW N17_direct_normal_illuminance < 0 lux [corrected]: month 12, day 12, hour 16, value -28.088778 
 ** WARNING ** EPW N8_relative_humidity > 110 % [corrected]: month 12, day 12, hour 24, value 112.68181 
 ** WARNING ** EPW N8_relative_humidity > 110 % [corrected]: month 12, day 13, hour 1, value 111.719536 
 ** WARNING ** EPW N8_relative_humidity > 110 % [corrected]: month 12, day 13, hour 2, value 112.04883 
 ** WARNING ** EPW N8_relative_humidity > 110 % [corrected]: month 12, day 13, hour 3, value 113.997505 
 ** WARNING ** EPW N8_relative_humidity > 110 % [corrected]: month 12, day 13, hour 4, value 115.07802 
 ** WARNING ** EPW N8_relative_humidity > 110 % [corrected]: month 12, day 13, hour 5, value 116.53247 
 ** WARNING ** EPW N8_relative_humidity > 110 % [corrected]: month 12, day 13, hour 6, value 116.1487 
 ** WARNING ** EPW N8_relative_humidity > 110 % [corrected]: month 12, day 13, hour 7, value 118.93257 
 ** WARNING ** EPW N8_relative_humidity > 110 % [corrected]: month 12, day 13, hour 8, value 117.705826 
 ** WARNING ** EPW N8_relative_humidity > 110 % [corrected]: month 12, day 13, hour 9, value 112.94613 
 ** WARNING ** EPW N17_direct_normal_illuminance < 0 lux [corrected]: month 12, day 13, hour 9, value -162.6076 
 ** WARNING ** EPW N17_direct_normal_illuminance < 0 lux [corrected]: month 12, day 13, hour 15, value -15.019654 
 ** WARNING ** EPW N17_direct_normal_illuminance < 0 lux [corrected]: month 12, day 13, hour 16, value -28.99414 
 ** WARNING ** EPW N17_direct_normal_illuminance < 0 lux [corrected]: month 12, day 14, hour 9, value -48.62668 
 ** WARNING ** EPW N17_direct_normal_illuminance < 0 lux [corrected]: month 12, day 14, hour 15, value -5.92073 
 ** WARNING ** EPW N17_direct_normal_illuminance < 0 lux [corrected]: month 12, day 14, hour 16, value -2.7754867 
 ** WARNING ** EPW N17_direct_normal_illuminance < 0 lux [corrected]: month 12, day 15, hour 9, value -7.269244 
 ** WARNING ** EPW N17_direct_normal_illuminance < 0 lux [corrected]: month 12, day 15, hour 10, value -1.752829 
 ** WARNING ** EPW N17_direct_normal_illuminance < 0 lux [corrected]: month 12, day 16, hour 9, value -103.618065 
 ** WARNING ** EPW N17_direct_normal_illuminance < 0 lux [corrected]: month 12, day 16, hour 15, value -16.97314 
 ** WARNING ** EPW N17_direct_normal_illuminance < 0 lux [corrected]: month 12, day 16, hour 16, value -28.754534 
 ** WARNING ** EPW N17_direct_normal_illuminance < 0 lux [corrected]: month 12, day 17, hour 9, value -8.007041 
 ** WARNING ** EPW N17_direct_normal_illuminance < 0 lux [corrected]: month 12, day 17, hour 10, value -1.9420073 
 ** WARNING ** EPW N17_direct_normal_illuminance < 0 lux [corrected]: month 12, day 18, hour 9, value -7.723273 
 ** WARNING ** EPW N17_direct_normal_illuminance < 0 lux [corrected]: month 12, day 18, hour 15, value -12.321099 
 ** WARNING ** EPW N17_direct_normal_illuminance < 0 lux [corrected]: month 12, day 18, hour 16, value -2.7120938 
 ** WARNING ** EPW N17_direct_normal_illuminance < 0 lux [corrected]: month 12, day 19, hour 9, value -41.15756 
 ** WARNING ** EPW N17_direct_normal_illuminance < 0 lux [corrected]: month 12, day 19, hour 15, value -6.391026 
 ** WARNING ** EPW N17_direct_normal_illuminance < 0 lux [corrected]: month 12, day 19, hour 16, value -26.518797 
 ** WARNING ** EPW N17_direct_normal_illuminance < 0 lux [corrected]: month 12, day 20, hour 9, value -7.9553666 
 ** WARNING ** EPW N17_direct_normal_illuminance < 0 lux [corrected]: month 12, day 20, hour 10, value -2.5313888 
 ** WARNING ** EPW N17_direct_normal_illuminance < 0 lux [corrected]: month 12, day 20, hour 15, value -16.873459 
 ** WARNING ** EPW N17_direct_normal_illuminance < 0 lux [corrected]: month 12, day 20, hour 16, value -28.55752 
 ** WARNING ** EPW N17_direct_normal_illuminance < 0 lux [corrected]: month 12, day 21, hour 9, value -41.59639 
 ** WARNING ** EPW N17_direct_normal_illuminance < 0 lux [corrected]: month 12, day 21, hour 15, value -13.9186535 
 ** WARNING ** EPW N17_direct_normal_illuminance < 0 lux [corrected]: month 12, day 21, hour 16, value -38.75731 
 ** WARNING ** EPW N17_direct_normal_illuminance < 0 lux [corrected]: month 12, day 22, hour 9, value -7.9162884 
 ** WARNING ** EPW N17_direct_normal_illuminance < 0 lux [corrected]: month 12, day 22, hour 10, value -2.858464 
 ** WARNING ** EPW N17_direct_normal_illuminance < 0 lux [corrected]: month 12, day 22, hour 15, value -7.003225 
 ** WARNING ** EPW N17_direct_normal_illuminance < 0 lux [corrected]: month 12, day 23, hour 9, value -34.032337 
 ** WARNING ** EPW N17_direct_normal_illuminance < 0 lux [corrected]: month 12, day 23, hour 15, value -20.297926 
 ** WARNING ** EPW N17_direct_normal_illuminance < 0 lux [corrected]: month 12, day 23, hour 16, value -3.1135314 
 ** WARNING ** EPW N17_direct_normal_illuminance < 0 lux [corrected]: month 12, day 24, hour 9, value -7.7703433 
 ** WARNING ** EPW N17_direct_normal_illuminance < 0 lux [corrected]: month 12, day 24, hour 10, value -3.125335 
 ** WARNING ** EPW N17_direct_normal_illuminance < 0 lux [corrected]: month 12, day 24, hour 15, value -6.5043125 
 ** WARNING ** EPW N17_direct_normal_illuminance < 0 lux [corrected]: month 12, day 24, hour 16, value -5.734864 
 ** WARNING ** EPW N17_direct_normal_illuminance < 0 lux [corrected]: month 12, day 25, hour 9, value -7.933905 
 ** WARNING ** EPW N17_direct_normal_illuminance < 0 lux [corrected]: month 12, day 25, hour 15, value -15.671011 
 ** WARNING ** EPW N17_direct_normal_illuminance < 0 lux [corrected]: month 12, day 25, hour 16, value -37.442932 
 ** WARNING ** EPW N17_direct_normal_illuminance < 0 lux [corrected]: month 12, day 27, hour 9, value -4.8846383 
 ** WARNING ** EPW N17_direct_normal_illuminance < 0 lux [corrected]: month 12, day 27, hour 10, value -3.4056058 
 ** WARNING ** EPW N17_direct_normal_illuminance < 0 lux [corrected]: month 12, day 27, hour 15, value -11.592023 
 ** WARNING ** EPW N17_direct_normal_illuminance < 0 lux [corrected]: month 12, day 27, hour 16, value -53.338116 
 ** WARNING ** EPW N17_direct_normal_illuminance < 0 lux [corrected]: month 12, day 28, hour 9, value -4.9367857 
 ** WARNING ** EPW N17_direct_normal_illuminance < 0 lux [corrected]: month 12, day 28, hour 10, value -3.359007 
 ** WARNING ** EPW N17_direct_normal_illuminance < 0 lux [corrected]: month 12, day 28, hour 16, value -145.23604 
 ** WARNING ** EPW N17_direct_normal_illuminance < 0 lux [corrected]: month 12, day 29, hour 9, value -4.8159585 
 ** WARNING ** EPW N17_direct_normal_illuminance < 0 lux [corrected]: month 12, day 29, hour 10, value -2.8310912 
 ** WARNING ** EPW N17_direct_normal_illuminance < 0 lux [corrected]: month 12, day 29, hour 15, value -4.952694 
 ** WARNING ** EPW N17_direct_normal_illuminance < 0 lux [corrected]: month 12, day 29, hour 16, value -46.383648 
 ** WARNING ** EPW N17_direct_normal_illuminance < 0 lux [corrected]: month 12, day 30, hour 9, value -132.45616 
 ** WARNING ** EPW N17_direct_normal_illuminance < 0 lux [corrected]: month 12, day 31, hour 9, value -33.244026 
 ** WARNING ** EPW N17_direct_normal_illuminance < 0 lux [corrected]: month 12, day 31, hour 10, value -2.302104 
 ** WARNING ** EPW N17_direct_normal_illuminance < 0 lux [corrected]: month 12, day 31, hour 16, value -57.801 
